"country","year","iso2","iso3","iso_numeric","g_whoregion","e_pop_num","e_inc_100k","e_inc_100k_lo","e_inc_100k_hi","e_inc_num","e_inc_num_lo","e_inc_num_hi","e_tbhiv_prct","e_tbhiv_prct_lo","e_tbhiv_prct_hi","e_inc_tbhiv_100k","e_inc_tbhiv_100k_lo","e_inc_tbhiv_100k_hi","e_inc_tbhiv_num","e_inc_tbhiv_num_lo","e_inc_tbhiv_num_hi","e_mort_exc_tbhiv_100k","e_mort_exc_tbhiv_100k_lo","e_mort_exc_tbhiv_100k_hi","e_mort_exc_tbhiv_num","e_mort_exc_tbhiv_num_lo","e_mort_exc_tbhiv_num_hi","e_mort_tbhiv_100k","e_mort_tbhiv_100k_lo","e_mort_tbhiv_100k_hi","e_mort_tbhiv_num","e_mort_tbhiv_num_lo","e_mort_tbhiv_num_hi","e_mort_100k","e_mort_100k_lo","e_mort_100k_hi","e_mort_num","e_mort_num_lo","e_mort_num_hi","cfr","cfr_lo","cfr_hi","cfr_pct","cfr_pct_lo","cfr_pct_hi","c_newinc_100k","c_cdr","c_cdr_lo","c_cdr_hi","c_newinc","c_newinc_per100k"
"Argentina",1980,NA,NA,NA,NA,NA,NA,NA,NA,NA,NA,NA,NA,NA,NA,NA,NA,NA,NA,NA,NA,NA,NA,NA,NA,NA,NA,NA,NA,NA,NA,NA,NA,NA,NA,NA,NA,NA,NA,NA,NA,NA,NA,NA,NA,NA,NA,NA,NA,16406,59.0050134840087
"Argentina",1981,NA,NA,NA,NA,NA,NA,NA,NA,NA,NA,NA,NA,NA,NA,NA,NA,NA,NA,NA,NA,NA,NA,NA,NA,NA,NA,NA,NA,NA,NA,NA,NA,NA,NA,NA,NA,NA,NA,NA,NA,NA,NA,NA,NA,NA,NA,NA,NA,16693,59.1003324176847
"Argentina",1982,NA,NA,NA,NA,NA,NA,NA,NA,NA,NA,NA,NA,NA,NA,NA,NA,NA,NA,NA,NA,NA,NA,NA,NA,NA,NA,NA,NA,NA,NA,NA,NA,NA,NA,NA,NA,NA,NA,NA,NA,NA,NA,NA,NA,NA,NA,NA,NA,17292,60.2563676366018
"Argentina",1983,NA,NA,NA,NA,NA,NA,NA,NA,NA,NA,NA,NA,NA,NA,NA,NA,NA,NA,NA,NA,NA,NA,NA,NA,NA,NA,NA,NA,NA,NA,NA,NA,NA,NA,NA,NA,NA,NA,NA,NA,NA,NA,NA,NA,NA,NA,NA,NA,17305,59.3691357754467
"Argentina",1984,NA,NA,NA,NA,NA,NA,NA,NA,NA,NA,NA,NA,NA,NA,NA,NA,NA,NA,NA,NA,NA,NA,NA,NA,NA,NA,NA,NA,NA,NA,NA,NA,NA,NA,NA,NA,NA,NA,NA,NA,NA,NA,NA,NA,NA,NA,NA,NA,16359,55.2554450544232
"Argentina",1985,NA,NA,NA,NA,NA,NA,NA,NA,NA,NA,NA,NA,NA,NA,NA,NA,NA,NA,NA,NA,NA,NA,NA,NA,NA,NA,NA,NA,NA,NA,NA,NA,NA,NA,NA,NA,NA,NA,NA,NA,NA,NA,NA,NA,NA,NA,NA,NA,15987,53.1867078675407
"Argentina",1986,NA,NA,NA,NA,NA,NA,NA,NA,NA,NA,NA,NA,NA,NA,NA,NA,NA,NA,NA,NA,NA,NA,NA,NA,NA,NA,NA,NA,NA,NA,NA,NA,NA,NA,NA,NA,NA,NA,NA,NA,NA,NA,NA,NA,NA,NA,NA,NA,14681,48.1092485303265
"Argentina",1987,NA,NA,NA,NA,NA,NA,NA,NA,NA,NA,NA,NA,NA,NA,NA,NA,NA,NA,NA,NA,NA,NA,NA,NA,NA,NA,NA,NA,NA,NA,NA,NA,NA,NA,NA,NA,NA,NA,NA,NA,NA,NA,NA,NA,NA,NA,NA,NA,13368,43.1494571893183
"Argentina",1988,NA,NA,NA,NA,NA,NA,NA,NA,NA,NA,NA,NA,NA,NA,NA,NA,NA,NA,NA,NA,NA,NA,NA,NA,NA,NA,NA,NA,NA,NA,NA,NA,NA,NA,NA,NA,NA,NA,NA,NA,NA,NA,NA,NA,NA,NA,NA,NA,13267,42.1814475647757
"Argentina",1989,NA,NA,NA,NA,NA,NA,NA,NA,NA,NA,NA,NA,NA,NA,NA,NA,NA,NA,NA,NA,NA,NA,NA,NA,NA,NA,NA,NA,NA,NA,NA,NA,NA,NA,NA,NA,NA,NA,NA,NA,NA,NA,NA,NA,NA,NA,NA,NA,12636,39.5748503517248
"Argentina",1990,NA,NA,NA,NA,NA,NA,NA,NA,NA,NA,NA,NA,NA,NA,NA,NA,NA,NA,NA,NA,NA,NA,NA,NA,NA,NA,NA,NA,NA,NA,NA,NA,NA,NA,NA,NA,NA,NA,NA,NA,NA,NA,NA,NA,NA,NA,NA,NA,12309,37.9882058487332
"Argentina",1991,NA,NA,NA,NA,NA,NA,NA,NA,NA,NA,NA,NA,NA,NA,NA,NA,NA,NA,NA,NA,NA,NA,NA,NA,NA,NA,NA,NA,NA,NA,NA,NA,NA,NA,NA,NA,NA,NA,NA,NA,NA,NA,NA,NA,NA,NA,NA,NA,12185,37.0667235398274
"Argentina",1992,NA,NA,NA,NA,NA,NA,NA,NA,NA,NA,NA,NA,NA,NA,NA,NA,NA,NA,NA,NA,NA,NA,NA,NA,NA,NA,NA,NA,NA,NA,NA,NA,NA,NA,NA,NA,NA,NA,NA,NA,NA,NA,NA,NA,NA,NA,NA,NA,12606,37.812280892515
"Argentina",1993,NA,NA,NA,NA,NA,NA,NA,NA,NA,NA,NA,NA,NA,NA,NA,NA,NA,NA,NA,NA,NA,NA,NA,NA,NA,NA,NA,NA,NA,NA,NA,NA,NA,NA,NA,NA,NA,NA,NA,NA,NA,NA,NA,NA,NA,NA,NA,NA,13887,41.0879917969586
"Argentina",1994,NA,NA,NA,NA,NA,NA,NA,NA,NA,NA,NA,NA,NA,NA,NA,NA,NA,NA,NA,NA,NA,NA,NA,NA,NA,NA,NA,NA,NA,NA,NA,NA,NA,NA,NA,NA,NA,NA,NA,NA,NA,NA,NA,NA,NA,NA,NA,NA,13683,39.9430376027662
"Argentina",1995,NA,NA,NA,NA,NA,NA,NA,NA,NA,NA,NA,NA,NA,NA,NA,NA,NA,NA,NA,NA,NA,NA,NA,NA,NA,NA,NA,NA,NA,NA,NA,NA,NA,NA,NA,NA,NA,NA,NA,NA,NA,NA,NA,NA,NA,NA,NA,NA,13450,38.7372419469666
"Argentina",1996,NA,NA,NA,NA,NA,NA,NA,NA,NA,NA,NA,NA,NA,NA,NA,NA,NA,NA,NA,NA,NA,NA,NA,NA,NA,NA,NA,NA,NA,NA,NA,NA,NA,NA,NA,NA,NA,NA,NA,NA,NA,NA,NA,NA,NA,NA,NA,NA,13397,38.0909206990931
"Argentina",1997,NA,NA,NA,NA,NA,NA,NA,NA,NA,NA,NA,NA,NA,NA,NA,NA,NA,NA,NA,NA,NA,NA,NA,NA,NA,NA,NA,NA,NA,NA,NA,NA,NA,NA,NA,NA,NA,NA,NA,NA,NA,NA,NA,NA,NA,NA,NA,NA,12621,35.4446674086241
"Argentina",1998,NA,NA,NA,NA,NA,NA,NA,NA,NA,NA,NA,NA,NA,NA,NA,NA,NA,NA,NA,NA,NA,NA,NA,NA,NA,NA,NA,NA,NA,NA,NA,NA,NA,NA,NA,NA,NA,NA,NA,NA,NA,NA,NA,NA,NA,NA,NA,NA,12276,34.0769715398994
"Argentina",1999,NA,NA,NA,NA,NA,NA,NA,NA,NA,NA,NA,NA,NA,NA,NA,NA,NA,NA,NA,NA,NA,NA,NA,NA,NA,NA,NA,NA,NA,NA,NA,NA,NA,NA,NA,NA,NA,NA,NA,NA,NA,NA,NA,NA,NA,NA,NA,NA,11871,32.5749953446652
"Argentina",2000,"AR","ARG",32,"AMR",37070774,37,30,44,14000,11000,16000,7.6,4.4,11,2.8,1.6,4.3,1000,580,1600,2.4,2.3,2.5,890,860,920,0.5,0.25,0.83,180,94,310,2.9,2.6,3.2,1100,970,1200,0.08,0.06,0.1,8,6,10,32,86,72,110,11767,31.9200303819444
"Argentina",2001,"AR","ARG",32,"AMR",37480493,35,29,42,13000,11000,16000,6.5,3.8,9.9,2.3,1.3,3.6,870,490,1400,2.3,2.2,2.4,860,830,890,0.42,0.21,0.69,160,79,260,2.7,2.5,3,1000,920,1100,0.08,0.06,0.09,8,6,9,31,86,73,100,11456,30.7316358557606
"Argentina",2002,"AR","ARG",32,"AMR",37885028,35,29,42,13000,11000,16000,5.9,3.5,9,2.1,1.2,3.3,790,440,1200,2.4,2.3,2.4,890,860,930,0.38,0.19,0.62,140,72,240,2.7,2.5,3,1000,940,1100,0.08,0.06,0.09,8,6,9,30,86,73,100,11548,30.6447622958394
"Argentina",2003,"AR","ARG",32,"AMR",38278164,33,27,38,13000,11000,15000,5.6,3.3,8.6,1.8,1,2.9,710,400,1100,2.2,2.1,2.3,830,790,860,0.33,0.17,0.55,130,64,210,2.5,2.3,2.7,960,880,1000,0.08,0.06,0.09,8,6,9,28,87,74,100,10844,28.4719425599826
"Argentina",2004,"AR","ARG",32,"AMR",38668796,34,28,40,13000,11000,16000,5.6,3.3,8.5,1.9,1.1,3,740,420,1200,2,1.9,2.1,760,730,800,0.35,0.17,0.57,130,68,220,2.3,2.1,2.5,900,820,980,0.07,0.06,0.08,7,6,8,30,87,73,100,11413,29.6674976148117
"Argentina",2005,"AR","ARG",32,"AMR",39070501,31,26,36,12000,10000,14000,6,3.5,9.1,1.9,1.1,2.9,740,420,1100,2,1.9,2,770,740,800,0.34,0.17,0.56,130,67,220,2.3,2.1,2.5,900,820,990,0.07,0.06,0.09,7,6,9,27,87,74,100,10576,27.2101254598784
"Argentina",2006,"AR","ARG",32,"AMR",39476851,28,24,33,11000,9600,13000,6.6,3.8,9.9,1.9,1.1,2.9,730,420,1100,1.9,1.8,1.9,740,710,770,0.33,0.17,0.55,130,67,220,2.2,2,2.4,870,800,960,0.08,0.07,0.09,8,7,9,25,87,75,100,9675,24.6351721967981
"Argentina",2007,"AR","ARG",32,"AMR",39876111,30,25,34,12000,10000,14000,7.1,4.2,11,2.1,1.2,3.2,840,480,1300,1.9,1.8,1.9,740,710,770,0.38,0.19,0.62,150,77,250,2.2,2,2.5,900,810,990,0.08,0.06,0.09,8,6,9,26,87,75,100,10227,25.7733101912008
"Argentina",2008,"AR","ARG",32,"AMR",40273769,26,23,30,11000,9200,12000,7.3,4.3,11,1.9,1.1,3,780,450,1200,1.6,1.5,1.7,650,620,680,0.35,0.18,0.57,140,72,230,2,1.8,2.2,790,710,880,0.07,0.06,0.09,7,6,9,23,87,76,99,9196,22.9488990954425
"Argentina",2009,"AR","ARG",32,"AMR",40684338,22,20,24,8900,7900,9900,7.5,4.4,11,1.6,0.95,2.5,660,390,1000,1.6,1.6,1.7,670,640,700,0.29,0.15,0.48,120,62,200,2,1.8,2.1,790,720,870,0.09,0.08,0.1,9,8,10,19,87,78,97,7701,19.0261370105702
"Argentina",2010,"AR","ARG",32,"AMR",41100123,21,19,23,8500,7600,9400,7.5,4.4,11,1.6,0.91,2.4,640,370,980,1.4,1.4,1.5,580,560,610,0.28,0.15,0.46,120,60,190,1.7,1.5,1.9,700,630,770,0.08,0.07,0.1,8,7,10,18,87,78,96,7336,17.9395980385583
"Argentina",2011,"AR","ARG",32,"AMR",41520740,27,23,31,11000,9700,13000,7.7,4.6,12,2.1,1.2,3.2,870,500,1300,1.6,1.6,1.7,680,650,710,0.38,0.19,0.62,160,81,260,2,1.8,2.3,840,750,940,0.07,0.06,0.09,7,6,9,23,87,76,100,9733,23.5623253402992
"Argentina",2012,"AR","ARG",32,"AMR",41952365,24,21,27,10000,8900,11000,7.9,4.7,12,1.9,1.1,2.9,800,460,1200,1.5,1.4,1.6,630,600,660,0.34,0.18,0.56,140,74,240,1.9,1.7,2.1,780,690,860,0.08,0.07,0.09,8,7,9,21,87,77,98,8758,20.9852817409455
"Argentina",2013,"AR","ARG",32,"AMR",42388269,24,21,27,10000,9100,12000,7.7,4.6,12,1.9,1.1,2.9,800,460,1200,1.6,1.5,1.6,670,640,700,0.34,0.18,0.56,140,74,240,1.9,1.7,2.1,810,730,900,0.08,0.07,0.09,8,7,9,21,87,77,98,8933,21.1829449998931
"Argentina",2014,"AR","ARG",32,"AMR",42824054,25,22,28,11000,9300,12000,7.4,4.4,11,1.8,1.1,2.8,790,460,1200,1.5,1.4,1.5,630,610,660,0.33,0.17,0.54,140,73,230,1.8,1.6,2,780,700,860,0.07,0.06,0.09,7,6,9,21,87,77,99,9195,21.5815585758002
"Argentina",2015,"AR","ARG",32,"AMR",43257065,26,22,29,11000,9700,13000,7,4.1,11,1.8,1,2.8,780,450,1200,1.5,1.5,1.6,660,630,680,0.32,0.17,0.53,140,72,230,1.8,1.7,2,800,720,880,0.07,0.06,0.09,7,6,9,22,87,76,99,9601,22.3059708699958
"Argentina",2016,"AR","ARG",32,"AMR",43668241,27,24,31,12000,10000,14000,6.8,4,10,1.9,1.1,2.9,810,460,1200,1.6,1.5,1.6,690,660,710,0.33,0.17,0.55,150,75,240,1.9,1.7,2.1,830,750,920,0.07,0.06,0.08,7,6,8,24,87,76,100,10347,23.8016128324347
"Argentina",2017,"AR","ARG",32,"AMR",44054616,27,23,30,12000,10000,13000,6.5,3.8,9.9,1.7,1,2.7,770,440,1200,1.4,1.4,1.5,630,610,650,0.31,0.16,0.52,140,71,230,1.8,1.6,1.9,770,690,860,0.07,0.06,0.08,7,6,8,23,87,76,100,10170,23.184962265391
"Argentina",2018,"AR","ARG",32,"AMR",44413596,27,23,31,12000,10000,14000,6.3,3.7,9.6,1.7,0.97,2.6,750,430,1200,1.5,1.5,1.6,670,650,700,0.3,0.16,0.5,140,69,220,1.8,1.6,2,810,730,890,0.07,0.06,0.08,7,6,8,23,87,76,100,10320,23.3248840146411
"Argentina",2019,"AR","ARG",32,"AMR",44745520,29,25,34,13000,11000,15000,6.1,3.6,9.3,1.8,1,2.8,810,460,1200,1.4,1.4,1.5,650,610,680,0.32,0.16,0.54,140,74,240,1.8,1.6,2,820,740,910,0.06,0.05,0.07,6,5,7,26,87,75,100,11446,25.6736939001694
"Argentina",2020,"AR","ARG",32,"AMR",45036032,28,24,32,13000,11000,15000,6.1,3.6,9.3,1.8,1,2.9,830,470,1300,1.2,1.2,1.2,540,530,560,0.6,0.32,0.95,270,150,430,1.9,1.7,2.2,870,760,980,0.07,0.06,0.08,7,6,8,21,73,64,87,9322,20.7577902782241
"Argentina",2021,"AR","ARG",32,"AMR",45276780,29,24,33,13000,11000,15000,6.1,3.6,9.3,1.9,1.1,2.9,840,480,1300,1.8,1.5,2.1,800,690,930,0.74,0.63,0.85,330,290,390,2,1.7,2.3,900,780,1000,0.07,0.06,0.08,7,6,8,26,90,79,110,11927,26.4084216627174
"Argentina",2022,"AR","ARG",32,"AMR",45510318,29,25,33,13000,11000,15000,6.1,3.6,9.3,1.8,1,2.8,810,460,1300,1.2,1,1.3,530,450,610,0.69,0.59,0.79,310,270,360,1.8,1.6,2.1,840,720,970,0.06,0.05,0.08,6,5,8,27,93,82,110,12343,27.1932521078406
"Brazil",1980,NA,NA,NA,NA,NA,NA,NA,NA,NA,NA,NA,NA,NA,NA,NA,NA,NA,NA,NA,NA,NA,NA,NA,NA,NA,NA,NA,NA,NA,NA,NA,NA,NA,NA,NA,NA,NA,NA,NA,NA,NA,NA,NA,NA,NA,NA,NA,NA,72608,60.0794800351365
"Brazil",1981,NA,NA,NA,NA,NA,NA,NA,NA,NA,NA,NA,NA,NA,NA,NA,NA,NA,NA,NA,NA,NA,NA,NA,NA,NA,NA,NA,NA,NA,NA,NA,NA,NA,NA,NA,NA,NA,NA,NA,NA,NA,NA,NA,NA,NA,NA,NA,NA,86411,69.8420143584338
"Brazil",1982,NA,NA,NA,NA,NA,NA,NA,NA,NA,NA,NA,NA,NA,NA,NA,NA,NA,NA,NA,NA,NA,NA,NA,NA,NA,NA,NA,NA,NA,NA,NA,NA,NA,NA,NA,NA,NA,NA,NA,NA,NA,NA,NA,NA,NA,NA,NA,NA,87822,69.3627664868133
"Brazil",1983,NA,NA,NA,NA,NA,NA,NA,NA,NA,NA,NA,NA,NA,NA,NA,NA,NA,NA,NA,NA,NA,NA,NA,NA,NA,NA,NA,NA,NA,NA,NA,NA,NA,NA,NA,NA,NA,NA,NA,NA,NA,NA,NA,NA,NA,NA,NA,NA,86617,66.8766293925539
"Brazil",1984,NA,NA,NA,NA,NA,NA,NA,NA,NA,NA,NA,NA,NA,NA,NA,NA,NA,NA,NA,NA,NA,NA,NA,NA,NA,NA,NA,NA,NA,NA,NA,NA,NA,NA,NA,NA,NA,NA,NA,NA,NA,NA,NA,NA,NA,NA,NA,NA,88365,66.7222160356398
"Brazil",1985,NA,NA,NA,NA,NA,NA,NA,NA,NA,NA,NA,NA,NA,NA,NA,NA,NA,NA,NA,NA,NA,NA,NA,NA,NA,NA,NA,NA,NA,NA,NA,NA,NA,NA,NA,NA,NA,NA,NA,NA,NA,NA,NA,NA,NA,NA,NA,NA,84310,62.29477580538
"Brazil",1986,NA,NA,NA,NA,NA,NA,NA,NA,NA,NA,NA,NA,NA,NA,NA,NA,NA,NA,NA,NA,NA,NA,NA,NA,NA,NA,NA,NA,NA,NA,NA,NA,NA,NA,NA,NA,NA,NA,NA,NA,NA,NA,NA,NA,NA,NA,NA,NA,83731,60.5754524010935
"Brazil",1987,NA,NA,NA,NA,NA,NA,NA,NA,NA,NA,NA,NA,NA,NA,NA,NA,NA,NA,NA,NA,NA,NA,NA,NA,NA,NA,NA,NA,NA,NA,NA,NA,NA,NA,NA,NA,NA,NA,NA,NA,NA,NA,NA,NA,NA,NA,NA,NA,81826,58.0076310525243
"Brazil",1988,NA,NA,NA,NA,NA,NA,NA,NA,NA,NA,NA,NA,NA,NA,NA,NA,NA,NA,NA,NA,NA,NA,NA,NA,NA,NA,NA,NA,NA,NA,NA,NA,NA,NA,NA,NA,NA,NA,NA,NA,NA,NA,NA,NA,NA,NA,NA,NA,82395,57.269744730617
"Brazil",1989,NA,NA,NA,NA,NA,NA,NA,NA,NA,NA,NA,NA,NA,NA,NA,NA,NA,NA,NA,NA,NA,NA,NA,NA,NA,NA,NA,NA,NA,NA,NA,NA,NA,NA,NA,NA,NA,NA,NA,NA,NA,NA,NA,NA,NA,NA,NA,NA,80048,54.5895330912525
"Brazil",1990,NA,NA,NA,NA,NA,NA,NA,NA,NA,NA,NA,NA,NA,NA,NA,NA,NA,NA,NA,NA,NA,NA,NA,NA,NA,NA,NA,NA,NA,NA,NA,NA,NA,NA,NA,NA,NA,NA,NA,NA,NA,NA,NA,NA,NA,NA,NA,NA,74570,49.9227917280378
"Brazil",1991,NA,NA,NA,NA,NA,NA,NA,NA,NA,NA,NA,NA,NA,NA,NA,NA,NA,NA,NA,NA,NA,NA,NA,NA,NA,NA,NA,NA,NA,NA,NA,NA,NA,NA,NA,NA,NA,NA,NA,NA,NA,NA,NA,NA,NA,NA,NA,NA,84990,55.8989400307371
"Brazil",1992,NA,NA,NA,NA,NA,NA,NA,NA,NA,NA,NA,NA,NA,NA,NA,NA,NA,NA,NA,NA,NA,NA,NA,NA,NA,NA,NA,NA,NA,NA,NA,NA,NA,NA,NA,NA,NA,NA,NA,NA,NA,NA,NA,NA,NA,NA,NA,NA,85955,55.5872978610644
"Brazil",1993,NA,NA,NA,NA,NA,NA,NA,NA,NA,NA,NA,NA,NA,NA,NA,NA,NA,NA,NA,NA,NA,NA,NA,NA,NA,NA,NA,NA,NA,NA,NA,NA,NA,NA,NA,NA,NA,NA,NA,NA,NA,NA,NA,NA,NA,NA,NA,NA,NA,NA
"Brazil",1994,NA,NA,NA,NA,NA,NA,NA,NA,NA,NA,NA,NA,NA,NA,NA,NA,NA,NA,NA,NA,NA,NA,NA,NA,NA,NA,NA,NA,NA,NA,NA,NA,NA,NA,NA,NA,NA,NA,NA,NA,NA,NA,NA,NA,NA,NA,NA,NA,75759,47.4351077313665
"Brazil",1995,NA,NA,NA,NA,NA,NA,NA,NA,NA,NA,NA,NA,NA,NA,NA,NA,NA,NA,NA,NA,NA,NA,NA,NA,NA,NA,NA,NA,NA,NA,NA,NA,NA,NA,NA,NA,NA,NA,NA,NA,NA,NA,NA,NA,NA,NA,NA,NA,91013,56.0942563969582
"Brazil",1996,NA,NA,NA,NA,NA,NA,NA,NA,NA,NA,NA,NA,NA,NA,NA,NA,NA,NA,NA,NA,NA,NA,NA,NA,NA,NA,NA,NA,NA,NA,NA,NA,NA,NA,NA,NA,NA,NA,NA,NA,NA,NA,NA,NA,NA,NA,NA,NA,87254,52.9516435837214
"Brazil",1997,NA,NA,NA,NA,NA,NA,NA,NA,NA,NA,NA,NA,NA,NA,NA,NA,NA,NA,NA,NA,NA,NA,NA,NA,NA,NA,NA,NA,NA,NA,NA,NA,NA,NA,NA,NA,NA,NA,NA,NA,NA,NA,NA,NA,NA,NA,NA,NA,83309,49.7980459074394
"Brazil",1998,NA,NA,NA,NA,NA,NA,NA,NA,NA,NA,NA,NA,NA,NA,NA,NA,NA,NA,NA,NA,NA,NA,NA,NA,NA,NA,NA,NA,NA,NA,NA,NA,NA,NA,NA,NA,NA,NA,NA,NA,NA,NA,NA,NA,NA,NA,NA,NA,95009,55.9535732044664
"Brazil",1999,NA,NA,NA,NA,NA,NA,NA,NA,NA,NA,NA,NA,NA,NA,NA,NA,NA,NA,NA,NA,NA,NA,NA,NA,NA,NA,NA,NA,NA,NA,NA,NA,NA,NA,NA,NA,NA,NA,NA,NA,NA,NA,NA,NA,NA,NA,NA,NA,78870,45.7801503560142
"Brazil",2000,"BR","BRA",76,"AMR",175873720,51,43,60,90000,76000,106000,8.7,2.7,18,4.4,1.4,9.2,7800,2500,16000,4.2,3.7,4.7,7400,6500,8200,0.8,0.23,1.7,1400,410,3000,5,4.1,5.9,8800,7300,10000,0.1,0.07,0.12,10,7,12,44,86,74,100,77899,44.592029100525
"Brazil",2001,"BR","BRA",76,"AMR",178211881,48,41,56,86000,73000,100000,7.6,2.4,15,3.7,1.2,7.6,6500,2100,13000,4,3.6,4.5,7200,6400,7900,0.66,0.19,1.4,1200,340,2500,4.7,3.9,5.5,8300,7000,9700,0.1,0.08,0.12,10,8,12,42,86,74,100,74466,42.0581690809223
"Brazil",2002,"BR","BRA",76,"AMR",180476685,52,44,62,94000,79000,111000,6.9,2.1,14,3.6,1.1,7.5,6500,2000,14000,3.7,3.4,4.1,6700,6000,7400,0.65,0.18,1.4,1200,330,2500,4.4,3.7,5.1,7900,6600,9200,0.08,0.07,0.11,8,7,11,45,87,73,100,81436,45.4013843419303
"Brazil",2003,"BR","BRA",76,"AMR",182629278,53,44,63,97000,81000,115000,6.6,2.1,14,3.5,1.1,7.4,6400,2000,13000,3.6,3.2,3.9,6500,5900,7100,0.63,0.18,1.4,1200,330,2500,4.2,3.5,4.9,7700,6500,9000,0.08,0.06,0.1,8,6,10,46,87,73,100,84060,46.2925252204084
"Brazil",2004,"BR","BRA",76,"AMR",184722043,54,45,64,100000,83000,119000,6.7,2.1,14,3.6,1.1,7.6,6700,2100,14000,3.5,3.2,3.8,6500,5900,7000,0.65,0.18,1.4,1200,340,2600,4.1,3.5,4.9,7700,6400,9000,0.08,0.06,0.1,8,6,10,47,87,73,100,86881,47.3016986357336
"Brazil",2005,"BR","BRA",76,"AMR",186797334,50,42,58,93000,78000,109000,7.2,2.2,15,3.6,1.1,7.4,6700,2100,14000,3.2,3,3.4,6000,5600,6400,0.64,0.18,1.4,1200,340,2600,3.8,3.2,4.5,7200,6000,8500,0.08,0.06,0.1,8,6,10,43,87,74,100,80675,43.4273748762589
"Brazil",2006,"BR","BRA",76,"AMR",188820682,46,39,54,87000,75000,101000,7.9,2.5,16,3.6,1.1,7.5,6900,2200,14000,3.1,2.9,3.3,5900,5600,6200,0.65,0.19,1.4,1200,360,2600,3.8,3.2,4.4,7100,6000,8400,0.08,0.06,0.1,8,6,10,40,87,75,100,75647,40.2753106877621
"Brazil",2007,"BR","BRA",76,"AMR",190779453,46,39,53,87000,74000,101000,8.5,2.7,17,3.9,1.2,8,7400,2400,15000,3,2.8,3.1,5700,5400,5900,0.7,0.2,1.5,1300,390,2900,3.7,3,4.4,7000,5800,8400,0.08,0.06,0.1,8,6,10,40,87,75,100,75424,39.7351932590012
"Brazil",2008,"BR","BRA",76,"AMR",192672317,46,39,54,89000,76000,103000,8.8,2.8,18,4.1,1.3,8.4,7900,2500,16000,3,2.8,3.1,5700,5500,6000,0.74,0.21,1.6,1400,410,3000,3.7,3.1,4.5,7200,5900,8600,0.08,0.06,0.1,8,6,10,40,87,75,100,77281,40.30461991934
"Brazil",2009,"BR","BRA",76,"AMR",194517549,45,39,52,88000,75000,102000,9.1,2.9,18,4.1,1.3,8.5,8000,2600,16000,2.9,2.8,3,5700,5400,5900,0.74,0.22,1.6,1400,420,3100,3.7,3,4.4,7100,5800,8600,0.08,0.06,0.1,8,6,10,39,87,75,100,76348,39.4354723395993
"Brazil",2010,"BR","BRA",76,"AMR",196353492,44,38,51,87000,75000,100000,17,17,18,7.6,6.6,8.8,15000,13000,17000,2.8,2.7,2.9,5500,5200,5700,1.4,0.96,1.9,2700,1900,3700,4.2,3.7,4.7,8200,7300,9100,0.1,0.08,0.11,10,8,11,38,87,75,100,75196,38.4766626883161
"Brazil",2011,"BR","BRA",76,"AMR",198185302,44,38,51,88000,76000,101000,17,16,17,7.4,6.4,8.5,15000,13000,17000,2.7,2.6,2.8,5300,5100,5500,1.3,0.94,1.8,2600,1900,3600,4,3.6,4.5,8000,7100,8900,0.09,0.07,0.11,9,7,11,38,87,75,100,76246,38.6497508843451
"Brazil",2012,"BR","BRA",76,"AMR",199977707,44,38,51,88000,76000,102000,17,16,17,7.3,6.3,8.4,15000,13000,17000,2.6,2.5,2.7,5100,5000,5300,1.3,0.92,1.8,2600,1800,3600,3.9,3.5,4.3,7800,6900,8700,0.09,0.07,0.11,9,7,11,38,87,75,100,76492,38.4195854500009
"Brazil",2013,"BR","BRA",76,"AMR",201721767,44,38,51,89000,77000,103000,16,15,16,6.9,5.9,8,14000,12000,16000,2.6,2.6,2.7,5300,5200,5500,1.2,0.87,1.7,2500,1800,3400,3.9,3.5,4.3,7900,7100,8700,0.09,0.07,0.11,9,7,11,38,87,75,100,77401,38.5349839588751
"Brazil",2014,"BR","BRA",76,"AMR",203459650,43,37,49,88000,76000,101000,15,15,16,6.7,5.7,7.7,14000,12000,16000,2.5,2.4,2.6,5100,4900,5300,1.2,0.84,1.6,2400,1700,3300,3.7,3.3,4.1,7600,6800,8400,0.09,0.07,0.1,9,7,10,37,87,76,100,75963,37.4969473847828
"Brazil",2015,"BR","BRA",76,"AMR",205188205,43,37,49,87000,75000,100000,13,13,13,5.6,4.8,6.4,11000,9900,13000,2.6,2.5,2.6,5300,5100,5400,1,0.7,1.4,2100,1400,2800,3.6,3.2,3.9,7300,6700,8000,0.08,0.07,0.1,8,7,10,37,87,76,100,75606,37.0010376597115
"Brazil",2016,"BR","BRA",76,"AMR",206859578,43,37,49,88000,76000,101000,12,12,13,5.3,4.6,6.1,11000,9500,13000,2.5,2.4,2.6,5100,4900,5300,0.95,0.67,1.3,2000,1400,2700,3.4,3.1,3.8,7100,6500,7800,0.08,0.07,0.1,8,7,10,37,87,76,100,76298,37.0303860967882
"Brazil",2017,"BR","BRA",76,"AMR",208504960,44,38,51,92000,79000,106000,12,12,12,5.3,4.6,6.2,11000,9500,13000,2.5,2.4,2.6,5200,5000,5300,0.96,0.67,1.3,2000,1400,2700,3.5,3.1,3.8,7200,6600,7900,0.08,0.07,0.09,8,7,9,38,87,75,100,80158,38.5973340325711
"Brazil",2018,"BR","BRA",76,"AMR",210166592,46,39,53,96000,82000,111000,11,11,11,5.1,4.4,6,11000,9200,13000,2.5,2.4,2.6,5200,5000,5400,0.88,0.61,1.2,1900,1300,2500,3.4,3.1,3.7,7100,6400,7800,0.07,0.06,0.09,7,6,9,40,89,77,100,85108,40.6568761627323
"Brazil",2019,"BR","BRA",76,"AMR",211782878,46,39,53,96000,82000,111000,11,11,11,5,4.2,5.7,11000,9000,12000,2.5,2.4,2.6,5200,5000,5400,0.84,0.57,1.2,1800,1200,2400,3.3,3,3.6,7000,6400,7700,0.07,0.06,0.09,7,6,9,40,89,77,100,85523,40.5320697780602
"Brazil",2020,"BR","BRA",76,"AMR",213196304,46,39,53,97000,83000,112000,11,9,14,5,4.4,5.8,11000,9300,12000,2.2,2.2,2.3,4800,4600,4900,1.2,0.85,1.7,2600,1800,3600,3.5,3.1,3.9,7400,6600,8300,0.08,0.06,0.09,8,6,9,35,78,67,91,75627,35.5783045778458
"Brazil",2021,"BR","BRA",76,"AMR",214326223,49,42,56,104000,89000,119000,14,11,17,6.7,5.6,7.9,14000,12000,17000,3.3,3.2,3.4,7000,6800,7200,1.7,1.2,2.3,3700,2500,5000,5,4.4,5.6,11000,9500,12000,0.1,0.09,0.12,10,9,12,37,76,67,89,79432,37.1476709525229
"Brazil",2022,"BR","BRA",76,"AMR",215313498,49,42,56,105000,89000,121000,18,14,23,8.9,7.2,11,19000,16000,23000,3.4,3.2,3.5,7200,7000,7500,1.8,1.2,2.6,4000,2600,5600,5.2,4.5,5.9,11000,9700,13000,0.11,0.09,0.13,11,9,13,41,83,72,98,87344,40.6582529443275
"Colombia",1980,NA,NA,NA,NA,NA,NA,NA,NA,NA,NA,NA,NA,NA,NA,NA,NA,NA,NA,NA,NA,NA,NA,NA,NA,NA,NA,NA,NA,NA,NA,NA,NA,NA,NA,NA,NA,NA,NA,NA,NA,NA,NA,NA,NA,NA,NA,NA,NA,11589,44.7939628452457
"Colombia",1981,NA,NA,NA,NA,NA,NA,NA,NA,NA,NA,NA,NA,NA,NA,NA,NA,NA,NA,NA,NA,NA,NA,NA,NA,NA,NA,NA,NA,NA,NA,NA,NA,NA,NA,NA,NA,NA,NA,NA,NA,NA,NA,NA,NA,NA,NA,NA,NA,11483,43.3638226990258
"Colombia",1982,NA,NA,NA,NA,NA,NA,NA,NA,NA,NA,NA,NA,NA,NA,NA,NA,NA,NA,NA,NA,NA,NA,NA,NA,NA,NA,NA,NA,NA,NA,NA,NA,NA,NA,NA,NA,NA,NA,NA,NA,NA,NA,NA,NA,NA,NA,NA,NA,12126,44.7596494307319
"Colombia",1983,NA,NA,NA,NA,NA,NA,NA,NA,NA,NA,NA,NA,NA,NA,NA,NA,NA,NA,NA,NA,NA,NA,NA,NA,NA,NA,NA,NA,NA,NA,NA,NA,NA,NA,NA,NA,NA,NA,NA,NA,NA,NA,NA,NA,NA,NA,NA,NA,13716,49.4822652833855
"Colombia",1984,NA,NA,NA,NA,NA,NA,NA,NA,NA,NA,NA,NA,NA,NA,NA,NA,NA,NA,NA,NA,NA,NA,NA,NA,NA,NA,NA,NA,NA,NA,NA,NA,NA,NA,NA,NA,NA,NA,NA,NA,NA,NA,NA,NA,NA,NA,NA,NA,12792,45.0968206741425
"Colombia",1985,NA,NA,NA,NA,NA,NA,NA,NA,NA,NA,NA,NA,NA,NA,NA,NA,NA,NA,NA,NA,NA,NA,NA,NA,NA,NA,NA,NA,NA,NA,NA,NA,NA,NA,NA,NA,NA,NA,NA,NA,NA,NA,NA,NA,NA,NA,NA,NA,12024,41.4443079358956
"Colombia",1986,NA,NA,NA,NA,NA,NA,NA,NA,NA,NA,NA,NA,NA,NA,NA,NA,NA,NA,NA,NA,NA,NA,NA,NA,NA,NA,NA,NA,NA,NA,NA,NA,NA,NA,NA,NA,NA,NA,NA,NA,NA,NA,NA,NA,NA,NA,NA,NA,11639,39.2677606826511
"Colombia",1987,NA,NA,NA,NA,NA,NA,NA,NA,NA,NA,NA,NA,NA,NA,NA,NA,NA,NA,NA,NA,NA,NA,NA,NA,NA,NA,NA,NA,NA,NA,NA,NA,NA,NA,NA,NA,NA,NA,NA,NA,NA,NA,NA,NA,NA,NA,NA,NA,11437,37.7706686006094
"Colombia",1988,NA,NA,NA,NA,NA,NA,NA,NA,NA,NA,NA,NA,NA,NA,NA,NA,NA,NA,NA,NA,NA,NA,NA,NA,NA,NA,NA,NA,NA,NA,NA,NA,NA,NA,NA,NA,NA,NA,NA,NA,NA,NA,NA,NA,NA,NA,NA,NA,11469,37.0853183819367
"Colombia",1989,NA,NA,NA,NA,NA,NA,NA,NA,NA,NA,NA,NA,NA,NA,NA,NA,NA,NA,NA,NA,NA,NA,NA,NA,NA,NA,NA,NA,NA,NA,NA,NA,NA,NA,NA,NA,NA,NA,NA,NA,NA,NA,NA,NA,NA,NA,NA,NA,11329,35.8654883048718
"Colombia",1990,NA,NA,NA,NA,NA,NA,NA,NA,NA,NA,NA,NA,NA,NA,NA,NA,NA,NA,NA,NA,NA,NA,NA,NA,NA,NA,NA,NA,NA,NA,NA,NA,NA,NA,NA,NA,NA,NA,NA,NA,NA,NA,NA,NA,NA,NA,NA,NA,12447,38.5848621297189
"Colombia",1991,NA,NA,NA,NA,NA,NA,NA,NA,NA,NA,NA,NA,NA,NA,NA,NA,NA,NA,NA,NA,NA,NA,NA,NA,NA,NA,NA,NA,NA,NA,NA,NA,NA,NA,NA,NA,NA,NA,NA,NA,NA,NA,NA,NA,NA,NA,NA,NA,12263,37.2237510783444
"Colombia",1992,NA,NA,NA,NA,NA,NA,NA,NA,NA,NA,NA,NA,NA,NA,NA,NA,NA,NA,NA,NA,NA,NA,NA,NA,NA,NA,NA,NA,NA,NA,NA,NA,NA,NA,NA,NA,NA,NA,NA,NA,NA,NA,NA,NA,NA,NA,NA,NA,11199,33.3291320988648
"Colombia",1993,NA,NA,NA,NA,NA,NA,NA,NA,NA,NA,NA,NA,NA,NA,NA,NA,NA,NA,NA,NA,NA,NA,NA,NA,NA,NA,NA,NA,NA,NA,NA,NA,NA,NA,NA,NA,NA,NA,NA,NA,NA,NA,NA,NA,NA,NA,NA,NA,11043,32.2170860367742
"Colombia",1994,NA,NA,NA,NA,NA,NA,NA,NA,NA,NA,NA,NA,NA,NA,NA,NA,NA,NA,NA,NA,NA,NA,NA,NA,NA,NA,NA,NA,NA,NA,NA,NA,NA,NA,NA,NA,NA,NA,NA,NA,NA,NA,NA,NA,NA,NA,NA,NA,8901,25.4658970268529
"Colombia",1995,NA,NA,NA,NA,NA,NA,NA,NA,NA,NA,NA,NA,NA,NA,NA,NA,NA,NA,NA,NA,NA,NA,NA,NA,NA,NA,NA,NA,NA,NA,NA,NA,NA,NA,NA,NA,NA,NA,NA,NA,NA,NA,NA,NA,NA,NA,NA,NA,9912,27.8127783610299
"Colombia",1996,NA,NA,NA,NA,NA,NA,NA,NA,NA,NA,NA,NA,NA,NA,NA,NA,NA,NA,NA,NA,NA,NA,NA,NA,NA,NA,NA,NA,NA,NA,NA,NA,NA,NA,NA,NA,NA,NA,NA,NA,NA,NA,NA,NA,NA,NA,NA,NA,9702,26.7258686988538
"Colombia",1997,NA,NA,NA,NA,NA,NA,NA,NA,NA,NA,NA,NA,NA,NA,NA,NA,NA,NA,NA,NA,NA,NA,NA,NA,NA,NA,NA,NA,NA,NA,NA,NA,NA,NA,NA,NA,NA,NA,NA,NA,NA,NA,NA,NA,NA,NA,NA,NA,8042,21.7567513496315
"Colombia",1998,NA,NA,NA,NA,NA,NA,NA,NA,NA,NA,NA,NA,NA,NA,NA,NA,NA,NA,NA,NA,NA,NA,NA,NA,NA,NA,NA,NA,NA,NA,NA,NA,NA,NA,NA,NA,NA,NA,NA,NA,NA,NA,NA,NA,NA,NA,NA,NA,9155,24.3350381061976
"Colombia",1999,NA,NA,NA,NA,NA,NA,NA,NA,NA,NA,NA,NA,NA,NA,NA,NA,NA,NA,NA,NA,NA,NA,NA,NA,NA,NA,NA,NA,NA,NA,NA,NA,NA,NA,NA,NA,NA,NA,NA,NA,NA,NA,NA,NA,NA,NA,NA,NA,10999,28.7418969552691
"Colombia",2000,"CO","COL",170,"AMR",39215135,37,28,47,14000,11000,18000,10,3.8,19,3.7,1.4,7.2,1400,530,2800,3.2,3.1,3.3,1300,1200,1300,0.84,0.3,1.7,330,120,650,4,3.4,4.8,1600,1300,1900,0.11,0.08,0.15,11,8,15,30,81,63,110,11630,29.8957204880205
"Colombia",2001,"CO","COL",170,"AMR",39837875,36,27,45,14000,11000,18000,8.6,3.3,16,3.1,1.1,6,1200,440,2400,3.5,3.4,3.6,1400,1300,1400,0.7,0.24,1.4,280,97,550,4.2,3.6,4.8,1700,1400,1900,0.12,0.09,0.15,12,9,15,29,81,64,110,11480,29.0424232390792
"Colombia",2002,"CO","COL",170,"AMR",40454050,35,27,44,14000,11000,18000,7.5,2.8,14,2.6,0.94,5.1,1100,380,2100,3.4,3.3,3.5,1400,1300,1400,0.6,0.21,1.2,240,84,480,4,3.5,4.6,1600,1400,1800,0.12,0.09,0.15,12,9,15,28,81,64,100,11376,28.3356059605203
"Colombia",2003,"CO","COL",170,"AMR",41057687,35,27,44,14000,11000,18000,6.9,2.6,13,2.4,0.87,4.8,1000,360,2000,3.3,3.2,3.4,1300,1300,1400,0.55,0.19,1.1,230,78,460,3.8,3.4,4.3,1600,1400,1800,0.11,0.08,0.14,11,8,14,28,81,64,110,11640,28.5568970782197
"Colombia",2004,"CO","COL",170,"AMR",41648268,33,26,42,14000,11000,17000,6.7,2.5,13,2.2,0.8,4.4,930,330,1800,3.1,3,3.2,1300,1300,1300,0.51,0.17,1,210,73,420,3.6,3.2,4,1500,1300,1700,0.11,0.08,0.14,11,8,14,27,81,65,100,11242,27.1843726757446
"Colombia",2005,"CO","COL",170,"AMR",42220940,30,24,37,13000,10000,16000,6.9,2.6,13,2.1,0.76,4.1,890,320,1700,2.7,2.7,2.8,1200,1100,1200,0.48,0.17,0.95,200,70,400,3.2,2.8,3.6,1300,1200,1500,0.11,0.08,0.13,11,8,13,25,81,66,100,10360,24.7008391013329
"Colombia",2006,"CO","COL",170,"AMR",42772910,32,25,40,14000,11000,17000,5.8,5.4,6.2,1.9,1.4,2.3,800,620,1000,2.7,2.6,2.7,1100,1100,1200,0.42,0.3,0.57,180,130,240,3.1,2.9,3.2,1300,1200,1400,0.1,0.07,0.12,10,7,12,26,81,65,100,11128,26.1835386530136
"Colombia",2007,"CO","COL",170,"AMR",43306582,31,25,39,14000,11000,17000,7.8,2.9,15,2.4,0.89,4.8,1100,390,2100,2.9,2.8,2.9,1200,1200,1300,0.56,0.19,1.1,240,84,480,3.4,2.9,3.9,1500,1300,1700,0.11,0.08,0.14,11,8,14,25,81,66,100,10950,25.4380017355454
"Colombia",2008,"CO","COL",170,"AMR",43815313,32,25,40,14000,11000,17000,10,9,11,3.2,2.5,4,1400,1100,1800,2.8,2.7,2.8,1200,1200,1200,0.73,0.52,0.98,320,230,430,3.5,3.2,3.7,1500,1400,1600,0.11,0.09,0.14,11,9,14,26,81,65,100,11344,26.0378596998682
"Colombia",2009,"CO","COL",170,"AMR",44313917,32,25,39,14000,11000,17000,9.5,7.7,11,3,2.2,4,1300,960,1800,2.6,2.5,2.6,1100,1100,1200,0.69,0.46,0.95,300,200,420,3.2,3,3.5,1400,1300,1500,0.1,0.08,0.13,10,8,13,26,81,65,100,11324,25.6993933068604
"Colombia",2010,"CO","COL",170,"AMR",44816108,32,25,39,14000,11000,17000,7.8,2.9,15,2.5,0.9,4.8,1100,400,2200,2.3,2.2,2.3,1000,990,1000,0.56,0.2,1.1,250,88,500,2.8,2.4,3.3,1300,1100,1500,0.09,0.07,0.12,9,7,12,25,81,65,100,11420,25.6257570902173
"Colombia",2011,"CO","COL",170,"AMR",45308899,33,26,40,15000,12000,18000,8,3,15,2.6,0.94,5.1,1200,430,2300,2.1,2,2.2,950,930,970,0.59,0.21,1.2,270,93,530,2.7,2.2,3.2,1200,1000,1400,0.08,0.06,0.11,8,6,11,26,81,65,100,11884,26.3692301527221
"Colombia",2012,"CO","COL",170,"AMR",45782417,33,26,41,15000,12000,19000,15,14,16,4.9,3.8,6.1,2200,1700,2800,2.2,2.1,2.2,1000,980,1000,1.1,0.8,1.5,510,370,680,3.3,3,3.6,1500,1400,1700,0.1,0.08,0.13,10,8,13,26,81,65,100,12097,26.5575590141146
"Colombia",2013,"CO","COL",170,"AMR",46237930,32,25,39,15000,12000,18000,17,16,17,5.2,4.1,6.5,2400,1900,3000,2.3,2.2,2.3,1000,1000,1100,1.2,0.86,1.6,550,400,730,3.4,3.1,3.8,1600,1400,1800,0.11,0.09,0.14,11,9,14,25,80,65,100,11737,25.5070584596049
"Colombia",2014,"CO","COL",170,"AMR",46677947,31,25,38,14000,11000,18000,13,13,14,4.2,3.3,5.1,1900,1500,2400,2.3,2.2,2.3,1100,1000,1100,0.95,0.69,1.3,440,320,590,3.2,2.9,3.5,1500,1400,1600,0.11,0.08,0.13,11,8,13,25,80,65,100,11637,25.046734749074
"Colombia",2015,"CO","COL",170,"AMR",47119728,31,25,38,15000,12000,18000,13,13,14,4.2,3.3,5.2,2000,1600,2500,2.2,2.2,2.3,1100,1000,1100,0.96,0.69,1.3,450,330,600,3.2,2.9,3.5,1500,1400,1600,0.1,0.08,0.13,10,8,13,25,81,66,100,11858,25.286413736566
"Colombia",2016,"CO","COL",170,"AMR",47625955,33,26,41,16000,12000,19000,14,13,14,4.5,3.5,5.6,2100,1700,2700,2.3,2.3,2.3,1100,1100,1100,1,0.74,1.4,490,350,650,3.3,3,3.6,1600,1400,1700,0.1,0.08,0.13,10,8,13,26,81,65,100,12581,26.5731916648425
"Colombia",2017,"CO","COL",170,"AMR",48351671,33,26,41,16000,13000,20000,12,11,12,3.9,3,4.9,1900,1500,2400,2.2,2.1,2.2,1100,1000,1100,0.89,0.64,1.2,430,310,580,3,2.8,3.3,1500,1300,1600,0.09,0.07,0.12,9,7,12,27,81,65,100,13007,27.1504057542245
"Colombia",2018,"CO","COL",170,"AMR",49276961,33,26,41,16000,13000,20000,13,12,13,4.3,3.3,5.3,2100,1600,2600,2.4,2.4,2.4,1200,1200,1200,0.97,0.69,1.3,480,340,630,3.1,2.8,3.4,1500,1400,1700,0.1,0.07,0.12,10,7,12,27,81,65,100,13140,26.9283606009967
"Colombia",2019,"CO","COL",170,"AMR",50187406,35,27,45,18000,14000,23000,12,12,13,4.4,3.4,5.6,2200,1700,2800,2.3,2.3,2.3,1200,1100,1200,1,0.72,1.4,510,360,680,3.2,2.8,3.5,1600,1400,1700,0.09,0.07,0.12,9,7,12,28,80,63,100,14292,28.7231435241742
"Colombia",2020,"CO","COL",170,"AMR",50930662,35,27,45,18000,14000,23000,13,8.6,17,4.3,3.3,5.5,2200,1700,2800,2.5,2.4,2.6,1300,1200,1300,1.1,0.76,1.5,560,390,770,3.6,3.2,4,1800,1600,2000,0.11,0.08,0.14,11,8,14,24,68,53,89,12088,23.8812914894964
"Colombia",2021,"CO","COL",170,"AMR",51516562,41,33,50,21000,17000,26000,14,9.4,20,5.8,4.2,7.6,3000,2200,3900,3.4,3.1,3.7,1800,1600,1900,1.6,1,2.3,820,530,1200,5,4.3,5.7,2600,2200,2900,0.12,0.09,0.15,12,9,15,27,64,53,81,13659,26.6546733971197
"Colombia",2022,"CO","COL",170,"AMR",51874024,47,37,58,25000,19000,30000,15,9.7,21,7,4.9,9.5,3600,2600,4900,3.3,3.2,3.3,1700,1600,1700,2,1.2,2.9,1000,640,1500,5.2,4.4,6.1,2700,2300,3200,0.11,0.08,0.14,11,8,14,32,68,56,87,16692,32.2308902651918
"El Salvador",1980,NA,NA,NA,NA,NA,NA,NA,NA,NA,NA,NA,NA,NA,NA,NA,NA,NA,NA,NA,NA,NA,NA,NA,NA,NA,NA,NA,NA,NA,NA,NA,NA,NA,NA,NA,NA,NA,NA,NA,NA,NA,NA,NA,NA,NA,NA,NA,NA,2255,50.3862311300213
"El Salvador",1981,NA,NA,NA,NA,NA,NA,NA,NA,NA,NA,NA,NA,NA,NA,NA,NA,NA,NA,NA,NA,NA,NA,NA,NA,NA,NA,NA,NA,NA,NA,NA,NA,NA,NA,NA,NA,NA,NA,NA,NA,NA,NA,NA,NA,NA,NA,NA,NA,2091,46.0313634067171
"El Salvador",1982,NA,NA,NA,NA,NA,NA,NA,NA,NA,NA,NA,NA,NA,NA,NA,NA,NA,NA,NA,NA,NA,NA,NA,NA,NA,NA,NA,NA,NA,NA,NA,NA,NA,NA,NA,NA,NA,NA,NA,NA,NA,NA,NA,NA,NA,NA,NA,NA,2171,47.6536242216502
"El Salvador",1983,NA,NA,NA,NA,NA,NA,NA,NA,NA,NA,NA,NA,NA,NA,NA,NA,NA,NA,NA,NA,NA,NA,NA,NA,NA,NA,NA,NA,NA,NA,NA,NA,NA,NA,NA,NA,NA,NA,NA,NA,NA,NA,NA,NA,NA,NA,NA,NA,2053,44.2074273645913
"El Salvador",1984,NA,NA,NA,NA,NA,NA,NA,NA,NA,NA,NA,NA,NA,NA,NA,NA,NA,NA,NA,NA,NA,NA,NA,NA,NA,NA,NA,NA,NA,NA,NA,NA,NA,NA,NA,NA,NA,NA,NA,NA,NA,NA,NA,NA,NA,NA,NA,NA,1564,33.0282304787636
"El Salvador",1985,NA,NA,NA,NA,NA,NA,NA,NA,NA,NA,NA,NA,NA,NA,NA,NA,NA,NA,NA,NA,NA,NA,NA,NA,NA,NA,NA,NA,NA,NA,NA,NA,NA,NA,NA,NA,NA,NA,NA,NA,NA,NA,NA,NA,NA,NA,NA,NA,1461,30.254115936837
"El Salvador",1986,NA,NA,NA,NA,NA,NA,NA,NA,NA,NA,NA,NA,NA,NA,NA,NA,NA,NA,NA,NA,NA,NA,NA,NA,NA,NA,NA,NA,NA,NA,NA,NA,NA,NA,NA,NA,NA,NA,NA,NA,NA,NA,NA,NA,NA,NA,NA,NA,1659,33.6892603349269
"El Salvador",1987,NA,NA,NA,NA,NA,NA,NA,NA,NA,NA,NA,NA,NA,NA,NA,NA,NA,NA,NA,NA,NA,NA,NA,NA,NA,NA,NA,NA,NA,NA,NA,NA,NA,NA,NA,NA,NA,NA,NA,NA,NA,NA,NA,NA,NA,NA,NA,NA,1647,32.8273431238675
"El Salvador",1988,NA,NA,NA,NA,NA,NA,NA,NA,NA,NA,NA,NA,NA,NA,NA,NA,NA,NA,NA,NA,NA,NA,NA,NA,NA,NA,NA,NA,NA,NA,NA,NA,NA,NA,NA,NA,NA,NA,NA,NA,NA,NA,NA,NA,NA,NA,NA,NA,2378,46.4703538488807
"El Salvador",1989,NA,NA,NA,NA,NA,NA,NA,NA,NA,NA,NA,NA,NA,NA,NA,NA,NA,NA,NA,NA,NA,NA,NA,NA,NA,NA,NA,NA,NA,NA,NA,NA,NA,NA,NA,NA,NA,NA,NA,NA,NA,NA,NA,NA,NA,NA,NA,NA,617,11.8116868696924
"El Salvador",1990,NA,NA,NA,NA,NA,NA,NA,NA,NA,NA,NA,NA,NA,NA,NA,NA,NA,NA,NA,NA,NA,NA,NA,NA,NA,NA,NA,NA,NA,NA,NA,NA,NA,NA,NA,NA,NA,NA,NA,NA,NA,NA,NA,NA,NA,NA,NA,NA,2367,44.5091302949788
"El Salvador",1991,NA,NA,NA,NA,NA,NA,NA,NA,NA,NA,NA,NA,NA,NA,NA,NA,NA,NA,NA,NA,NA,NA,NA,NA,NA,NA,NA,NA,NA,NA,NA,NA,NA,NA,NA,NA,NA,NA,NA,NA,NA,NA,NA,NA,NA,NA,NA,NA,2304,42.5378871520072
"El Salvador",1992,NA,NA,NA,NA,NA,NA,NA,NA,NA,NA,NA,NA,NA,NA,NA,NA,NA,NA,NA,NA,NA,NA,NA,NA,NA,NA,NA,NA,NA,NA,NA,NA,NA,NA,NA,NA,NA,NA,NA,NA,NA,NA,NA,NA,NA,NA,NA,NA,2495,45.3159063553606
"El Salvador",1993,NA,NA,NA,NA,NA,NA,NA,NA,NA,NA,NA,NA,NA,NA,NA,NA,NA,NA,NA,NA,NA,NA,NA,NA,NA,NA,NA,NA,NA,NA,NA,NA,NA,NA,NA,NA,NA,NA,NA,NA,NA,NA,NA,NA,NA,NA,NA,NA,3347,59.7826106371251
"El Salvador",1994,NA,NA,NA,NA,NA,NA,NA,NA,NA,NA,NA,NA,NA,NA,NA,NA,NA,NA,NA,NA,NA,NA,NA,NA,NA,NA,NA,NA,NA,NA,NA,NA,NA,NA,NA,NA,NA,NA,NA,NA,NA,NA,NA,NA,NA,NA,NA,NA,3901,68.8814194269264
"El Salvador",1995,NA,NA,NA,NA,NA,NA,NA,NA,NA,NA,NA,NA,NA,NA,NA,NA,NA,NA,NA,NA,NA,NA,NA,NA,NA,NA,NA,NA,NA,NA,NA,NA,NA,NA,NA,NA,NA,NA,NA,NA,NA,NA,NA,NA,NA,NA,NA,NA,2422,42.3225319428524
"El Salvador",1996,NA,NA,NA,NA,NA,NA,NA,NA,NA,NA,NA,NA,NA,NA,NA,NA,NA,NA,NA,NA,NA,NA,NA,NA,NA,NA,NA,NA,NA,NA,NA,NA,NA,NA,NA,NA,NA,NA,NA,NA,NA,NA,NA,NA,NA,NA,NA,NA,1686,29.2015253380388
"El Salvador",1997,NA,NA,NA,NA,NA,NA,NA,NA,NA,NA,NA,NA,NA,NA,NA,NA,NA,NA,NA,NA,NA,NA,NA,NA,NA,NA,NA,NA,NA,NA,NA,NA,NA,NA,NA,NA,NA,NA,NA,NA,NA,NA,NA,NA,NA,NA,NA,NA,1662,28.5537180995525
"El Salvador",1998,NA,NA,NA,NA,NA,NA,NA,NA,NA,NA,NA,NA,NA,NA,NA,NA,NA,NA,NA,NA,NA,NA,NA,NA,NA,NA,NA,NA,NA,NA,NA,NA,NA,NA,NA,NA,NA,NA,NA,NA,NA,NA,NA,NA,NA,NA,NA,NA,1700,28.9871481215987
"El Salvador",1999,NA,NA,NA,NA,NA,NA,NA,NA,NA,NA,NA,NA,NA,NA,NA,NA,NA,NA,NA,NA,NA,NA,NA,NA,NA,NA,NA,NA,NA,NA,NA,NA,NA,NA,NA,NA,NA,NA,NA,NA,NA,NA,NA,NA,NA,NA,NA,NA,1623,27.4828689270353
"El Salvador",2000,"SV","SLV",222,"AMR",5958482,31,24,39,1900,1400,2300,7.9,3.1,15,2.5,0.98,4.7,150,58,280,2.2,2,2.5,130,120,150,0.57,0.21,1.1,34,13,66,2.8,2.3,3.3,170,140,200,0.09,0.07,0.12,9,7,12,25,80,63,100,1485,24.9907147293926
"El Salvador",2001,"SV","SLV",222,"AMR",5988095,30,23,39,1800,1400,2300,7,2.7,13,2.2,0.84,4.1,130,50,240,1.9,1.7,2.1,110,100,130,0.49,0.18,0.96,29,11,57,2.4,1.9,2.9,140,120,170,0.08,0.06,0.11,8,6,11,24,80,63,100,1458,24.4026660833236
"El Salvador",2002,"SV","SLV",222,"AMR",6011275,32,25,41,1900,1500,2500,6.5,2.5,12,2.1,0.81,4,130,49,240,1.9,1.7,2.2,120,100,130,0.48,0.17,0.94,29,11,56,2.4,2,2.9,150,120,170,0.08,0.06,0.1,8,6,10,26,80,63,100,1550,25.8271649454389
"El Salvador",2003,"SV","SLV",222,"AMR",6026849,29,22,36,1700,1300,2200,9.4,7.9,11,2.7,2.2,3.3,160,130,200,1.3,1.2,1.5,79,71,88,0.62,0.44,0.83,37,27,50,1.9,1.7,2.2,120,100,130,0.07,0.05,0.09,7,5,9,23,80,63,100,1383,22.9691600412349
"El Salvador",2004,"SV","SLV",222,"AMR",6035655,29,22,37,1800,1300,2200,7.4,6.1,8.9,2.2,1.7,2.7,130,100,160,1.7,1.5,1.9,100,90,110,0.49,0.35,0.67,30,21,40,2.2,1.9,2.4,130,120,150,0.08,0.06,0.1,8,6,10,23,80,63,100,1406,23.3067775313382
"El Salvador",2005,"SV","SLV",222,"AMR",6037817,37,28,47,2200,1700,2800,12,11,14,4.5,3.6,5.5,270,220,330,1.5,1.4,1.7,92,82,100,1,0.74,1.4,62,45,82,2.5,2.2,2.9,150,130,180,0.07,0.05,0.09,7,5,9,30,80,63,100,1794,29.7082284340866
"El Salvador",2006,"SV","SLV",222,"AMR",6034436,34,26,43,2100,1600,2600,11,9.3,12,3.6,2.9,4.4,220,180,270,0.97,0.87,1.1,59,52,65,0.83,0.6,1.1,50,36,67,1.8,1.5,2.1,110,92,130,0.05,0.04,0.07,5,4,7,27,80,63,100,1644,27.2325064689626
"El Salvador",2007,"SV","SLV",222,"AMR",6044131,34,26,44,2100,1600,2600,13,12,15,4.6,3.7,5.5,280,230,330,1.6,1.4,1.8,96,85,110,1,0.76,1.4,63,46,83,2.6,2.3,3,160,140,180,0.08,0.06,0.1,8,6,10,28,80,63,100,1666,27.6195053389697
"El Salvador",2008,"SV","SLV",222,"AMR",6068099,35,27,45,2100,1600,2700,12,10,13,4.1,3.3,5,250,200,300,1.3,1.1,1.5,79,69,89,0.94,0.67,1.2,57,41,75,2.2,1.9,2.6,130,120,160,0.06,0.05,0.08,6,5,8,28,80,63,100,1718,28.3671876509277
"El Salvador",2009,"SV","SLV",222,"AMR",6091188,35,26,44,2100,1600,2700,12,11,14,4.2,3.4,5.1,260,210,310,1.1,0.99,1.3,68,60,76,0.96,0.7,1.3,59,42,78,2.1,1.8,2.4,130,110,150,0.06,0.04,0.08,6,4,8,28,80,63,100,1686,27.7306964500268
"El Salvador",2010,"SV","SLV",222,"AMR",6114034,35,27,44,2100,1600,2700,11,9.3,12,3.7,3,4.5,230,180,280,1.4,1.3,1.6,88,77,99,0.85,0.61,1.1,52,37,69,2.3,2,2.6,140,120,160,0.07,0.05,0.09,7,5,9,28,80,63,100,1700,27.8575724255916
"El Salvador",2011,"SV","SLV",222,"AMR",6137349,39,30,49,2400,1800,3000,10,9,12,3.9,3.1,4.8,240,190,300,1.1,0.93,1.2,64,57,72,0.9,0.64,1.2,55,40,73,1.9,1.6,2.3,120,100,140,0.05,0.04,0.07,5,4,7,31,80,63,100,1896,30.952075054211
"El Salvador",2012,"SV","SLV",222,"AMR",6161289,42,32,53,2600,2000,3200,11,9.2,12,4.3,3.4,5.3,270,210,330,1.3,1.1,1.4,78,68,89,0.99,0.71,1.3,61,43,81,2.2,1.9,2.6,140,120,160,0.06,0.04,0.07,6,4,7,33,80,63,100,2053,33.3870105826903
"El Salvador",2013,"SV","SLV",222,"AMR",6185642,44,34,56,2700,2100,3400,9.5,8.3,11,4.1,3.2,5.1,250,200,320,1.2,0.99,1.3,72,61,83,0.94,0.67,1.3,58,41,78,2.1,1.8,2.4,130,110,150,0.05,0.04,0.06,5,4,6,35,80,63,100,2176,35.2475427149679
"El Salvador",2014,"SV","SLV",222,"AMR",6209526,44,34,56,2800,2100,3500,9.3,8.1,11,4.1,3.2,5.1,250,200,320,1.3,1.1,1.5,83,71,96,0.93,0.66,1.2,58,41,78,2.3,1.9,2.6,140,120,160,0.05,0.04,0.07,5,4,7,36,80,63,100,2206,35.5932463186564
"El Salvador",2015,"SV","SLV",222,"AMR",6231066,49,38,62,3100,2300,3900,7.7,6.6,8.8,3.7,2.8,4.7,230,180,290,0.99,0.89,1.1,62,55,68,0.85,0.6,1.1,53,37,71,1.8,1.5,2.1,110,96,130,0.04,0.03,0.05,4,3,5,39,80,63,100,2452,39.413313855998
"El Salvador",2016,"SV","SLV",222,"AMR",6250510,61,46,77,3800,2900,4800,6.8,5.9,7.7,4,3,5.3,250,180,330,1.1,0.97,1.2,67,60,75,0.92,0.63,1.3,58,40,79,1.9,1.6,2.2,120,99,140,0.03,0.02,0.04,3,2,4,49,80,63,100,3034,48.6149077598622
"El Salvador",2017,"SV","SLV",222,"AMR",6266654,73,56,93,4600,3500,5800,4.7,4,5.4,3.4,2.3,4.6,210,150,290,0.97,0.81,1.2,61,51,72,0.77,0.51,1.1,48,32,68,1.7,1.5,2.1,110,91,130,0.02,0.02,0.03,2,2,3,59,80,63,100,3666,58.5610280671219
"El Salvador",2018,"SV","SLV",222,"AMR",6276342,72,55,91,4500,3500,5700,5.8,5.1,6.6,4.1,2.9,5.6,260,180,350,1.7,1.5,2,110,92,120,0.94,0.63,1.3,59,39,82,1.9,1.6,2.3,120,99,140,0.03,0.02,0.04,3,2,4,58,80,63,100,3615,57.6263399718133
"El Salvador",2019,"SV","SLV",222,"AMR",6280217,60,46,76,3800,2900,4800,6.4,5.5,7.3,3.7,2.7,4.9,230,170,310,0.97,0.88,1.1,61,55,68,0.85,0.58,1.2,53,37,73,1.8,1.5,2.1,110,96,130,0.03,0.02,0.04,3,2,4,48,80,63,100,3009,47.917736282692
"El Salvador",2020,"SV","SLV",222,"AMR",6292731,41,31,51,2600,2000,3200,6.1,5.1,7.2,3.4,2.4,4.5,210,150,280,1.2,1.1,1.3,77,71,83,0.94,0.67,1.2,59,42,79,2.2,1.9,2.5,140,120,160,0.05,0.04,0.07,5,4,7,32,80,63,100,2042,32.5111504330097
"El Salvador",2021,"SV","SLV",222,"AMR",6314167,38,29,48,2400,1900,3100,6.6,5.5,7.8,3.3,2.3,4.4,210,140,280,1.2,1.1,1.3,77,71,83,0.98,0.71,1.3,62,45,82,2.2,1.9,2.5,140,120,160,0.06,0.04,0.08,6,4,8,31,80,63,100,1936,30.7080294517919
"El Salvador",2022,"SV","SLV",222,"AMR",6336392,50,38,63,3200,2400,4000,8.2,7.1,9.3,4.1,3,5.3,260,190,340,1.2,1.1,1.3,77,71,84,1,0.76,1.3,65,48,85,2.3,2,2.6,140,120,160,0.05,0.03,0.06,5,3,6,40,80,63,100,2531,40.0234352947874
"Mexico",1980,NA,NA,NA,NA,NA,NA,NA,NA,NA,NA,NA,NA,NA,NA,NA,NA,NA,NA,NA,NA,NA,NA,NA,NA,NA,NA,NA,NA,NA,NA,NA,NA,NA,NA,NA,NA,NA,NA,NA,NA,NA,NA,NA,NA,NA,NA,NA,NA,31247,46.7139179833246
"Mexico",1981,NA,NA,NA,NA,NA,NA,NA,NA,NA,NA,NA,NA,NA,NA,NA,NA,NA,NA,NA,NA,NA,NA,NA,NA,NA,NA,NA,NA,NA,NA,NA,NA,NA,NA,NA,NA,NA,NA,NA,NA,NA,NA,NA,NA,NA,NA,NA,NA,32572,47.5363178081011
"Mexico",1982,NA,NA,NA,NA,NA,NA,NA,NA,NA,NA,NA,NA,NA,NA,NA,NA,NA,NA,NA,NA,NA,NA,NA,NA,NA,NA,NA,NA,NA,NA,NA,NA,NA,NA,NA,NA,NA,NA,NA,NA,NA,NA,NA,NA,NA,NA,NA,NA,24853,35.5310380480046
"Mexico",1983,NA,NA,NA,NA,NA,NA,NA,NA,NA,NA,NA,NA,NA,NA,NA,NA,NA,NA,NA,NA,NA,NA,NA,NA,NA,NA,NA,NA,NA,NA,NA,NA,NA,NA,NA,NA,NA,NA,NA,NA,NA,NA,NA,NA,NA,NA,NA,NA,22795,31.9408590088727
"Mexico",1984,NA,NA,NA,NA,NA,NA,NA,NA,NA,NA,NA,NA,NA,NA,NA,NA,NA,NA,NA,NA,NA,NA,NA,NA,NA,NA,NA,NA,NA,NA,NA,NA,NA,NA,NA,NA,NA,NA,NA,NA,NA,NA,NA,NA,NA,NA,NA,NA,14531,19.9617146100409
"Mexico",1985,NA,NA,NA,NA,NA,NA,NA,NA,NA,NA,NA,NA,NA,NA,NA,NA,NA,NA,NA,NA,NA,NA,NA,NA,NA,NA,NA,NA,NA,NA,NA,NA,NA,NA,NA,NA,NA,NA,NA,NA,NA,NA,NA,NA,NA,NA,NA,NA,15017,20.2426478391664
"Mexico",1986,NA,NA,NA,NA,NA,NA,NA,NA,NA,NA,NA,NA,NA,NA,NA,NA,NA,NA,NA,NA,NA,NA,NA,NA,NA,NA,NA,NA,NA,NA,NA,NA,NA,NA,NA,NA,NA,NA,NA,NA,NA,NA,NA,NA,NA,NA,NA,NA,13180,17.44331020136
"Mexico",1987,NA,NA,NA,NA,NA,NA,NA,NA,NA,NA,NA,NA,NA,NA,NA,NA,NA,NA,NA,NA,NA,NA,NA,NA,NA,NA,NA,NA,NA,NA,NA,NA,NA,NA,NA,NA,NA,NA,NA,NA,NA,NA,NA,NA,NA,NA,NA,NA,14631,19.0285619351924
"Mexico",1988,NA,NA,NA,NA,NA,NA,NA,NA,NA,NA,NA,NA,NA,NA,NA,NA,NA,NA,NA,NA,NA,NA,NA,NA,NA,NA,NA,NA,NA,NA,NA,NA,NA,NA,NA,NA,NA,NA,NA,NA,NA,NA,NA,NA,NA,NA,NA,NA,15371,19.6516554534865
"Mexico",1989,NA,NA,NA,NA,NA,NA,NA,NA,NA,NA,NA,NA,NA,NA,NA,NA,NA,NA,NA,NA,NA,NA,NA,NA,NA,NA,NA,NA,NA,NA,NA,NA,NA,NA,NA,NA,NA,NA,NA,NA,NA,NA,NA,NA,NA,NA,NA,NA,15489,19.4666859511156
"Mexico",1990,NA,NA,NA,NA,NA,NA,NA,NA,NA,NA,NA,NA,NA,NA,NA,NA,NA,NA,NA,NA,NA,NA,NA,NA,NA,NA,NA,NA,NA,NA,NA,NA,NA,NA,NA,NA,NA,NA,NA,NA,NA,NA,NA,NA,NA,NA,NA,NA,14437,17.8453128921663
"Mexico",1991,NA,NA,NA,NA,NA,NA,NA,NA,NA,NA,NA,NA,NA,NA,NA,NA,NA,NA,NA,NA,NA,NA,NA,NA,NA,NA,NA,NA,NA,NA,NA,NA,NA,NA,NA,NA,NA,NA,NA,NA,NA,NA,NA,NA,NA,NA,NA,NA,15216,18.4346847041947
"Mexico",1992,NA,NA,NA,NA,NA,NA,NA,NA,NA,NA,NA,NA,NA,NA,NA,NA,NA,NA,NA,NA,NA,NA,NA,NA,NA,NA,NA,NA,NA,NA,NA,NA,NA,NA,NA,NA,NA,NA,NA,NA,NA,NA,NA,NA,NA,NA,NA,NA,14446,17.1642855963175
"Mexico",1993,NA,NA,NA,NA,NA,NA,NA,NA,NA,NA,NA,NA,NA,NA,NA,NA,NA,NA,NA,NA,NA,NA,NA,NA,NA,NA,NA,NA,NA,NA,NA,NA,NA,NA,NA,NA,NA,NA,NA,NA,NA,NA,NA,NA,NA,NA,NA,NA,15145,17.6467439491127
"Mexico",1994,NA,NA,NA,NA,NA,NA,NA,NA,NA,NA,NA,NA,NA,NA,NA,NA,NA,NA,NA,NA,NA,NA,NA,NA,NA,NA,NA,NA,NA,NA,NA,NA,NA,NA,NA,NA,NA,NA,NA,NA,NA,NA,NA,NA,NA,NA,NA,NA,16353,18.6947630370479
"Mexico",1995,NA,NA,NA,NA,NA,NA,NA,NA,NA,NA,NA,NA,NA,NA,NA,NA,NA,NA,NA,NA,NA,NA,NA,NA,NA,NA,NA,NA,NA,NA,NA,NA,NA,NA,NA,NA,NA,NA,NA,NA,NA,NA,NA,NA,NA,NA,NA,NA,11329,12.7070615055426
"Mexico",1996,NA,NA,NA,NA,NA,NA,NA,NA,NA,NA,NA,NA,NA,NA,NA,NA,NA,NA,NA,NA,NA,NA,NA,NA,NA,NA,NA,NA,NA,NA,NA,NA,NA,NA,NA,NA,NA,NA,NA,NA,NA,NA,NA,NA,NA,NA,NA,NA,20722,22.8256097966521
"Mexico",1997,NA,NA,NA,NA,NA,NA,NA,NA,NA,NA,NA,NA,NA,NA,NA,NA,NA,NA,NA,NA,NA,NA,NA,NA,NA,NA,NA,NA,NA,NA,NA,NA,NA,NA,NA,NA,NA,NA,NA,NA,NA,NA,NA,NA,NA,NA,NA,NA,23575,25.5170747004758
"Mexico",1998,NA,NA,NA,NA,NA,NA,NA,NA,NA,NA,NA,NA,NA,NA,NA,NA,NA,NA,NA,NA,NA,NA,NA,NA,NA,NA,NA,NA,NA,NA,NA,NA,NA,NA,NA,NA,NA,NA,NA,NA,NA,NA,NA,NA,NA,NA,NA,NA,21514,22.8928181854061
"Mexico",1999,NA,NA,NA,NA,NA,NA,NA,NA,NA,NA,NA,NA,NA,NA,NA,NA,NA,NA,NA,NA,NA,NA,NA,NA,NA,NA,NA,NA,NA,NA,NA,NA,NA,NA,NA,NA,NA,NA,NA,NA,NA,NA,NA,NA,NA,NA,NA,NA,19802,20.722602008688
"Mexico",2000,"MX","MEX",484,"AMR",97873442,23,18,29,23000,17000,29000,6.5,2.5,12,1.5,0.55,3,1500,540,2900,3.7,3.6,3.9,3700,3500,3800,0.35,0.12,0.69,340,120,680,4.1,3.8,4.4,4000,3700,4300,0.18,0.13,0.23,18,13,23,19,81,64,110,18434,18.9821822655672
"Mexico",2001,"MX","MEX",484,"AMR",99394288,24,18,30,23000,18000,30000,5.6,2.1,11,1.3,0.47,2.6,1300,470,2600,3.7,3.5,3.8,3600,3500,3800,0.3,0.1,0.6,300,100,600,4,3.7,4.3,3900,3700,4200,0.17,0.13,0.22,17,13,22,19,81,64,110,18879,19.1403109903617
"Mexico",2002,"MX","MEX",484,"AMR",100917081,22,17,27,22000,17000,28000,5,1.9,9.5,1.1,0.4,2.2,1100,400,2200,3.4,3.3,3.5,3400,3300,3500,0.25,0.09,0.5,250,87,500,3.6,3.4,3.9,3700,3400,3900,0.17,0.13,0.21,17,13,21,18,81,65,100,17790,17.762678336317
"Mexico",2003,"MX","MEX",484,"AMR",102429341,23,18,30,24000,18000,30000,4.7,1.8,9,1.1,0.39,2.2,1100,400,2200,3.4,3.3,3.5,3400,3300,3500,0.25,0.09,0.5,260,88,510,3.6,3.4,3.8,3700,3500,3900,0.16,0.12,0.2,16,12,20,19,81,64,110,19231,18.9131927333017
"Mexico",2004,"MX","MEX",484,"AMR",103945813,18,15,22,19000,15000,23000,4.6,1.7,8.8,0.84,0.31,1.6,870,320,1700,2.7,2.6,2.7,2800,2700,2800,0.19,0.07,0.38,200,69,400,2.8,2.7,3,3000,2800,3100,0.16,0.13,0.19,16,13,19,15,80,67,99,15101,14.6358244683828
"Mexico",2005,"MX","MEX",484,"AMR",105442402,22,17,27,23000,18000,29000,4.9,1.9,9.3,1.1,0.39,2.1,1100,410,2200,2.7,2.7,2.8,2900,2800,2900,0.24,0.08,0.49,260,89,520,3,2.7,3.2,3100,2900,3300,0.14,0.11,0.17,14,11,17,18,80,64,100,18524,17.6902089726127
"Mexico",2006,"MX","MEX",484,"AMR",106886790,21,16,26,22000,18000,28000,5.3,2,10,1.1,0.4,2.2,1200,430,2300,2.5,2.4,2.5,2600,2600,2700,0.25,0.09,0.5,270,93,540,2.7,2.5,2.9,2900,2700,3100,0.13,0.1,0.16,13,10,16,17,81,65,100,17934,16.8915367806008
"Mexico",2007,"MX","MEX",484,"AMR",108302973,21,17,26,23000,18000,28000,5.7,2.2,11,1.2,0.44,2.3,1300,470,2500,2.2,2.1,2.3,2400,2300,2400,0.27,0.1,0.55,300,100,590,2.5,2.2,2.7,2700,2400,2900,0.12,0.09,0.15,12,9,15,17,81,65,100,18440,17.1372171025561
"Mexico",2008,"MX","MEX",484,"AMR",109684489,21,17,26,23000,18000,29000,5.8,2.2,11,1.2,0.45,2.4,1300,490,2600,2.4,2.3,2.4,2600,2600,2700,0.28,0.1,0.56,310,110,610,2.6,2.4,2.9,2900,2600,3200,0.13,0.1,0.16,13,10,16,17,81,65,100,18810,17.2562667908017
"Mexico",2009,"MX","MEX",484,"AMR",111049428,21,17,26,23000,18000,29000,5,3.8,6.3,1.1,0.73,1.4,1200,810,1600,2.2,2.1,2.2,2400,2400,2500,0.24,0.16,0.34,270,170,380,2.4,2.3,2.5,2700,2600,2800,0.12,0.09,0.14,12,9,14,17,81,65,100,18957,17.1766257374535
"Mexico",2010,"MX","MEX",484,"AMR",112532401,22,17,28,25000,19000,31000,5,3.8,6.3,1.1,0.76,1.5,1200,850,1700,2.3,2.3,2.4,2600,2600,2700,0.25,0.16,0.36,280,180,410,2.5,2.4,2.7,2900,2700,3000,0.12,0.09,0.15,12,9,15,18,81,65,100,20155,18.0384159279776
"Mexico",2011,"MX","MEX",484,"AMR",114150481,21,17,27,24000,19000,30000,6,2.3,11,1.3,0.47,2.5,1500,540,2900,2.4,2.3,2.4,2700,2600,2700,0.3,0.1,0.59,340,120,670,2.6,2.4,2.9,3000,2700,3300,0.12,0.1,0.16,12,10,16,17,81,65,100,19857,17.5212364365163
"Mexico",2012,"MX","MEX",484,"AMR",115755909,22,17,27,25000,20000,32000,8.1,7.8,8.5,1.8,1.4,2.2,2100,1600,2600,2.1,2,2.1,2400,2400,2400,0.4,0.29,0.54,470,340,620,2.5,2.3,2.6,2800,2700,3000,0.11,0.09,0.14,11,9,14,18,81,65,100,20470,17.8046572338631
"Mexico",2013,"MX","MEX",484,"AMR",117290686,22,17,27,26000,20000,32000,7.5,7.1,7.9,1.6,1.3,2,1900,1500,2400,2.1,2.1,2.2,2500,2500,2600,0.37,0.27,0.5,440,310,580,2.5,2.4,2.6,2900,2800,3100,0.12,0.09,0.14,12,9,14,18,81,65,100,20708,17.7687168114534
"Mexico",2014,"MX","MEX",484,"AMR",118755887,22,17,28,26000,20000,33000,6.9,6.6,7.3,1.5,1.2,1.9,1800,1400,2300,2,1.9,2,2300,2300,2400,0.35,0.25,0.46,410,300,550,2.3,2.2,2.4,2700,2600,2800,0.11,0.08,0.13,11,8,13,18,81,65,100,21196,17.9567051943438
"Mexico",2015,"MX","MEX",484,"AMR",120149897,22,17,28,27000,21000,33000,11,11,12,2.5,2,3.2,3000,2400,3800,1.9,1.8,1.9,2200,2200,2300,0.58,0.41,0.77,690,500,920,2.4,2.2,2.6,2900,2700,3100,0.11,0.09,0.14,11,9,14,18,81,65,100,21600,18.0795041675894
"Mexico",2016,"MX","MEX",484,"AMR",121519221,22,17,28,27000,21000,34000,13,12,13,2.8,2.2,3.6,3500,2700,4400,1.8,1.8,1.8,2200,2200,2200,0.65,0.46,0.87,790,560,1100,2.4,2.2,2.6,3000,2700,3200,0.11,0.08,0.14,11,8,14,18,81,65,110,22193,18.3675087650376
"Mexico",2017,"MX","MEX",484,"AMR",122839258,23,18,29,28000,22000,35000,12,12,13,2.8,2.1,3.5,3400,2600,4300,1.8,1.8,1.8,2200,2200,2200,0.64,0.45,0.85,780,560,1000,2.4,2.2,2.6,2900,2700,3200,0.11,0.08,0.13,11,8,13,19,81,64,110,22757,18.6210807031435
"Mexico",2018,"MX","MEX",484,"AMR",124013861,23,18,29,29000,22000,36000,9.6,9.2,10,2.2,1.7,2.8,2800,2100,3500,1.7,1.7,1.7,2100,2100,2100,0.51,0.36,0.68,630,450,840,2.3,2.1,2.4,2800,2600,3000,0.1,0.07,0.13,10,7,13,19,81,64,110,23271,18.847865329617
"Mexico",2019,"MX","MEX",484,"AMR",125085311,23,18,29,29000,22000,37000,12,11,12,2.8,2.1,3.5,3400,2600,4400,1.8,1.8,1.8,2200,2200,2200,0.63,0.45,0.84,790,560,1100,2.4,2.2,2.6,3000,2700,3200,0.1,0.08,0.13,10,8,13,19,82,64,110,23702,19.0285561611353
"Mexico",2020,"MX","MEX",484,"AMR",125998302,23,17,29,29000,22000,36000,13,12,13,3,2.3,3.9,3800,2900,4900,1.2,1.2,1.2,1500,1500,1500,1.2,0.85,1.5,1500,1100,1900,2.8,2.6,3.1,3600,3200,3900,0.13,0.09,0.16,13,9,16,14,62,48,81,17603,14.0139601907838
"Mexico",2021,"MX","MEX",484,"AMR",126705138,25,19,33,32000,24000,41000,13,12,13,3.2,2.4,4.1,4100,3100,5200,1.2,1.2,1.2,1500,1500,1500,1.6,1.4,1.7,2000,1800,2200,3.8,3.4,4.2,4800,4300,5300,0.15,0.11,0.2,15,11,20,17,67,52,91,21651,17.130833853604
"Mexico",2022,"MX","MEX",484,"AMR",127504125,28,20,37,36000,26000,47000,12,12,13,3.5,2.5,4.6,4500,3200,5900,2.3,2,2.6,2900,2600,3300,1.6,1.4,1.8,2000,1800,2300,3.9,3.4,4.4,5000,4300,5600,0.14,0.1,0.19,14,10,19,20,70,54,99,25449,20.0347754388154
"Peru",1980,NA,NA,NA,NA,NA,NA,NA,NA,NA,NA,NA,NA,NA,NA,NA,NA,NA,NA,NA,NA,NA,NA,NA,NA,NA,NA,NA,NA,NA,NA,NA,NA,NA,NA,NA,NA,NA,NA,NA,NA,NA,NA,NA,NA,NA,NA,NA,NA,16011,92.7011735895624
"Peru",1981,NA,NA,NA,NA,NA,NA,NA,NA,NA,NA,NA,NA,NA,NA,NA,NA,NA,NA,NA,NA,NA,NA,NA,NA,NA,NA,NA,NA,NA,NA,NA,NA,NA,NA,NA,NA,NA,NA,NA,NA,NA,NA,NA,NA,NA,NA,NA,NA,21925,123.777852486721
"Peru",1982,NA,NA,NA,NA,NA,NA,NA,NA,NA,NA,NA,NA,NA,NA,NA,NA,NA,NA,NA,NA,NA,NA,NA,NA,NA,NA,NA,NA,NA,NA,NA,NA,NA,NA,NA,NA,NA,NA,NA,NA,NA,NA,NA,NA,NA,NA,NA,NA,21579,118.882710766006
"Peru",1983,NA,NA,NA,NA,NA,NA,NA,NA,NA,NA,NA,NA,NA,NA,NA,NA,NA,NA,NA,NA,NA,NA,NA,NA,NA,NA,NA,NA,NA,NA,NA,NA,NA,NA,NA,NA,NA,NA,NA,NA,NA,NA,NA,NA,NA,NA,NA,NA,22753,122.34611815227
"Peru",1984,NA,NA,NA,NA,NA,NA,NA,NA,NA,NA,NA,NA,NA,NA,NA,NA,NA,NA,NA,NA,NA,NA,NA,NA,NA,NA,NA,NA,NA,NA,NA,NA,NA,NA,NA,NA,NA,NA,NA,NA,NA,NA,NA,NA,NA,NA,NA,NA,22792,119.601783573667
"Peru",1985,NA,NA,NA,NA,NA,NA,NA,NA,NA,NA,NA,NA,NA,NA,NA,NA,NA,NA,NA,NA,NA,NA,NA,NA,NA,NA,NA,NA,NA,NA,NA,NA,NA,NA,NA,NA,NA,NA,NA,NA,NA,NA,NA,NA,NA,NA,NA,NA,24438,125.22853900909
"Peru",1986,NA,NA,NA,NA,NA,NA,NA,NA,NA,NA,NA,NA,NA,NA,NA,NA,NA,NA,NA,NA,NA,NA,NA,NA,NA,NA,NA,NA,NA,NA,NA,NA,NA,NA,NA,NA,NA,NA,NA,NA,NA,NA,NA,NA,NA,NA,NA,NA,24702,123.642916134845
"Peru",1987,NA,NA,NA,NA,NA,NA,NA,NA,NA,NA,NA,NA,NA,NA,NA,NA,NA,NA,NA,NA,NA,NA,NA,NA,NA,NA,NA,NA,NA,NA,NA,NA,NA,NA,NA,NA,NA,NA,NA,NA,NA,NA,NA,NA,NA,NA,NA,NA,30571,149.576478050553
"Peru",1988,NA,NA,NA,NA,NA,NA,NA,NA,NA,NA,NA,NA,NA,NA,NA,NA,NA,NA,NA,NA,NA,NA,NA,NA,NA,NA,NA,NA,NA,NA,NA,NA,NA,NA,NA,NA,NA,NA,NA,NA,NA,NA,NA,NA,NA,NA,NA,NA,36908,176.556579356437
"Peru",1989,NA,NA,NA,NA,NA,NA,NA,NA,NA,NA,NA,NA,NA,NA,NA,NA,NA,NA,NA,NA,NA,NA,NA,NA,NA,NA,NA,NA,NA,NA,NA,NA,NA,NA,NA,NA,NA,NA,NA,NA,NA,NA,NA,NA,NA,NA,NA,NA,35687,166.892302765375
"Peru",1990,NA,NA,NA,NA,NA,NA,NA,NA,NA,NA,NA,NA,NA,NA,NA,NA,NA,NA,NA,NA,NA,NA,NA,NA,NA,NA,NA,NA,NA,NA,NA,NA,NA,NA,NA,NA,NA,NA,NA,NA,NA,NA,NA,NA,NA,NA,NA,NA,37905,173.356308475168
"Peru",1991,NA,NA,NA,NA,NA,NA,NA,NA,NA,NA,NA,NA,NA,NA,NA,NA,NA,NA,NA,NA,NA,NA,NA,NA,NA,NA,NA,NA,NA,NA,NA,NA,NA,NA,NA,NA,NA,NA,NA,NA,NA,NA,NA,NA,NA,NA,NA,NA,40580,181.543040687562
"Peru",1992,NA,NA,NA,NA,NA,NA,NA,NA,NA,NA,NA,NA,NA,NA,NA,NA,NA,NA,NA,NA,NA,NA,NA,NA,NA,NA,NA,NA,NA,NA,NA,NA,NA,NA,NA,NA,NA,NA,NA,NA,NA,NA,NA,NA,NA,NA,NA,NA,52552,230.357994260074
"Peru",1993,NA,NA,NA,NA,NA,NA,NA,NA,NA,NA,NA,NA,NA,NA,NA,NA,NA,NA,NA,NA,NA,NA,NA,NA,NA,NA,NA,NA,NA,NA,NA,NA,NA,NA,NA,NA,NA,NA,NA,NA,NA,NA,NA,NA,NA,NA,NA,NA,51675,221.959178582234
"Peru",1994,NA,NA,NA,NA,NA,NA,NA,NA,NA,NA,NA,NA,NA,NA,NA,NA,NA,NA,NA,NA,NA,NA,NA,NA,NA,NA,NA,NA,NA,NA,NA,NA,NA,NA,NA,NA,NA,NA,NA,NA,NA,NA,NA,NA,NA,NA,NA,NA,48601,204.666321380069
"Peru",1995,NA,NA,NA,NA,NA,NA,NA,NA,NA,NA,NA,NA,NA,NA,NA,NA,NA,NA,NA,NA,NA,NA,NA,NA,NA,NA,NA,NA,NA,NA,NA,NA,NA,NA,NA,NA,NA,NA,NA,NA,NA,NA,NA,NA,NA,NA,NA,NA,45310,187.076332593726
"Peru",1996,NA,NA,NA,NA,NA,NA,NA,NA,NA,NA,NA,NA,NA,NA,NA,NA,NA,NA,NA,NA,NA,NA,NA,NA,NA,NA,NA,NA,NA,NA,NA,NA,NA,NA,NA,NA,NA,NA,NA,NA,NA,NA,NA,NA,NA,NA,NA,NA,41739,169.134102202804
"Peru",1997,NA,NA,NA,NA,NA,NA,NA,NA,NA,NA,NA,NA,NA,NA,NA,NA,NA,NA,NA,NA,NA,NA,NA,NA,NA,NA,NA,NA,NA,NA,NA,NA,NA,NA,NA,NA,NA,NA,NA,NA,NA,NA,NA,NA,NA,NA,NA,NA,42062,167.333981632169
"Peru",1998,NA,NA,NA,NA,NA,NA,NA,NA,NA,NA,NA,NA,NA,NA,NA,NA,NA,NA,NA,NA,NA,NA,NA,NA,NA,NA,NA,NA,NA,NA,NA,NA,NA,NA,NA,NA,NA,NA,NA,NA,NA,NA,NA,NA,NA,NA,NA,NA,43723,170.831566006945
"Peru",1999,NA,NA,NA,NA,NA,NA,NA,NA,NA,NA,NA,NA,NA,NA,NA,NA,NA,NA,NA,NA,NA,NA,NA,NA,NA,NA,NA,NA,NA,NA,NA,NA,NA,NA,NA,NA,NA,NA,NA,NA,NA,NA,NA,NA,NA,NA,NA,NA,40345,154.921413046099
"Peru",2000,"PE","PER",604,"AMR",26654439,183,119,259,49000,32000,69000,9,3.5,17,16,5.5,33,4400,1500,8800,14,8.6,22,3900,2300,5800,2.8,0.83,5.9,750,220,1600,17,11,25,4600,2900,6700,0.1,0.05,0.16,10,5,16,145,79,56,120,38661,146.098726400479
"Peru",2001,"PE","PER",604,"AMR",27014909,173,116,242,47000,31000,65000,7.4,2.8,14,13,4.4,26,3500,1200,7000,13,7.8,18,3400,2100,5000,2.3,0.66,4.8,610,180,1300,15,9.7,21,4000,2600,5700,0.09,0.05,0.14,9,5,14,138,79,57,120,37197,138.553677211315
"Peru",2002,"PE","PER",604,"AMR",27334503,166,113,230,46000,31000,63000,6.3,2.4,12,10,3.6,21,2900,970,5800,12,7.5,17,3300,2100,4700,1.9,0.56,4.1,520,150,1100,14,9.1,19,3800,2500,5300,0.09,0.05,0.13,9,5,13,132,79,57,120,36092,132.773271355796
"Peru",2003,"PE","PER",604,"AMR",27623341,146,105,195,40000,29000,54000,5.6,2.1,11,8.2,2.8,16,2300,780,4500,11,7.8,15,3100,2200,4300,1.6,0.45,3.4,430,120,930,13,9.1,17,3500,2500,4800,0.09,0.06,0.13,9,6,13,116,79,60,110,32064,116.656499001085
"Peru",2004,"PE","PER",604,"AMR",27893911,151,107,203,42000,30000,57000,5.2,2,9.9,7.9,2.7,16,2200,750,4400,11,7.7,14,3000,2100,4000,1.6,0.45,3.4,440,130,950,12,9,16,3500,2500,4600,0.08,0.05,0.12,8,5,12,120,79,59,110,33414,120.363710647426
"Peru",2005,"PE","PER",604,"AMR",28147267,151,107,203,43000,30000,57000,5.3,2,10,8.1,2.8,16,2300,780,4500,10,7.4,14,2900,2100,3900,1.7,0.49,3.6,470,140,1000,12,8.8,16,3400,2500,4500,0.08,0.05,0.12,8,5,12,120,79,59,110,33747,120.409046088617
"Peru",2006,"PE","PER",604,"AMR",28381078,153,108,205,43000,31000,58000,5.6,2.1,11,8.6,2.9,17,2400,840,4900,10,6.5,14,2800,1800,4100,1.8,0.53,3.9,520,150,1100,12,7.9,16,3400,2300,4700,0.08,0.05,0.12,8,5,12,121,79,59,110,34311,121.379375729856
"Peru",2007,"PE","PER",604,"AMR",28600387,143,103,189,41000,30000,54000,6,2.3,11,8.5,3,17,2400,850,4900,9.1,6.2,13,2600,1800,3600,2,0.61,4.3,580,170,1200,11,7.7,15,3200,2200,4300,0.08,0.05,0.12,8,5,12,113,79,60,110,32407,113.730372719562
"Peru",2008,"PE","PER",604,"AMR",28806185,141,102,186,41000,29000,53000,6,2.3,11,8.5,3,17,2400,850,4800,8.8,6.2,12,2500,1800,3400,2,0.6,4.3,580,170,1200,11,7.7,15,3100,2200,4200,0.08,0.05,0.12,8,5,12,112,79,60,110,32193,112.146555723336
"Peru",2009,"PE","PER",604,"AMR",29009326,138,101,181,40000,29000,53000,1.5,1.2,1.8,2.1,1.4,2.9,600,410,830,9.4,6.8,12,2700,2000,3600,0.46,0.31,0.64,130,91,180,9.9,7.3,13,2900,2100,3700,0.07,0.05,0.1,7,5,10,110,79,61,110,31844,110.163282367651
"Peru",2010,"PE","PER",604,"AMR",29229572,134,99,174,39000,29000,51000,2,1.6,2.4,2.7,1.8,3.7,780,530,1100,9,6.6,12,2600,1900,3400,0.6,0.4,0.84,180,120,240,9.6,7.2,12,2800,2100,3600,0.07,0.05,0.1,7,5,10,106,79,61,110,31073,106.734330683724
"Peru",2011,"PE","PER",604,"AMR",29477721,133,99,173,39000,29000,51000,6,2.3,11,8.1,2.9,16,2400,840,4700,8.4,6,11,2500,1800,3300,1.9,0.58,4.1,570,170,1200,10,7.4,14,3100,2200,4100,0.08,0.05,0.11,8,5,11,106,79,61,110,31241,106.454993843595
"Peru",2012,"PE","PER",604,"AMR",29749589,126,95,162,38000,28000,48000,6.1,2.3,12,7.7,2.8,15,2300,820,4500,8.3,5.9,11,2500,1700,3300,1.8,0.56,3.8,540,170,1100,10,7.3,14,3000,2200,4000,0.08,0.05,0.12,8,5,12,100,79,62,110,29760,100.510764226638
"Peru",2013,"PE","PER",604,"AMR",30038809,125,94,160,37000,28000,48000,6,5.8,6.3,7.5,5.7,9.7,2300,1700,2900,7.5,5.2,10,2300,1600,3100,1.6,1.2,2.1,490,360,640,9.1,6.8,12,2700,2000,3600,0.07,0.05,0.1,7,5,10,99,79,62,110,29731,99.4666884618407
"Peru",2014,"PE","PER",604,"AMR",30353951,125,94,159,38000,29000,48000,5.9,5.7,6.2,7.4,5.6,9.5,2300,1700,2900,7.2,4.9,10,2200,1500,3000,1.6,1.2,2.1,490,360,640,8.8,6.4,12,2700,1900,3500,0.07,0.05,0.1,7,5,10,99,79,62,110,30008,99.406341275207
"Peru",2015,"PE","PER",604,"AMR",30711863,122,93,156,38000,29000,48000,6,5.8,6.3,7.4,5.6,9.5,2300,1700,2900,8,5.3,11,2400,1600,3400,1.6,1.2,2.1,490,360,640,9.6,6.8,13,2900,2100,3900,0.08,0.05,0.11,8,5,11,97,79,62,100,29833,97.7467943553315
"Peru",2016,"PE","PER",604,"AMR",31132779,120,92,152,37000,29000,47000,5.8,5.6,6.1,7,5.3,8.9,2200,1700,2800,9.2,5.9,13,2900,1800,4100,1.5,1.1,2,470,340,610,11,7.3,15,3300,2300,4600,0.09,0.06,0.13,9,6,13,96,79,63,100,29733,96.2138601804509
"Peru",2017,"PE","PER",604,"AMR",31605486,119,91,150,37000,29000,47000,4.8,4.6,5.1,5.7,4.4,7.3,1800,1400,2300,6.9,5.3,8.7,2200,1700,2700,1.2,0.88,1.6,380,280,510,8.1,6.5,9.9,2600,2000,3100,0.07,0.05,0.09,7,5,9,94,80,63,100,29840,95.1454004420881
"Peru",2018,"PE","PER",604,"AMR",32203944,119,91,150,38000,29000,48000,6,5.7,6.3,7.1,5.4,9.1,2300,1800,2900,7.4,5.9,9.2,2400,1900,3000,1.4,1,1.8,450,330,600,8.8,7.2,11,2800,2300,3400,0.08,0.05,0.1,8,5,10,98,82,65,110,31421,98.6578686660022
"Peru",2019,"PE","PER",604,"AMR",32824861,119,91,150,39000,30000,49000,6.3,6,6.6,7.5,5.7,9.5,2500,1900,3100,7.3,5.7,9.1,2400,1900,3000,1.5,1.1,2,490,360,640,8.8,7.2,11,2900,2300,3500,0.07,0.05,0.1,7,5,10,97,82,64,110,31764,97.556960439123
"Peru",2020,"PE","PER",604,"AMR",33304756,115,93,154,38000,31000,51000,6.3,6,6.6,7.3,5.4,9.4,2400,1800,3100,7.2,5.5,9.2,2400,1800,3100,1.5,1.1,1.9,490,370,630,10,8.4,12,3400,2800,4100,0.09,0.06,0.12,9,6,12,71,62,46,77,23755,71.7884505121005
"Peru",2021,"PE","PER",604,"AMR",33715471,128,103,166,43000,35000,56000,5.9,5.6,6.2,7.7,6,9.6,2600,2000,3200,12,9.5,14,4000,3200,4900,2,1.6,2.4,670,530,820,14,11,17,4700,3800,5600,0.11,0.08,0.14,11,8,14,76,59,46,74,25657,76.5441188074989
"Peru",2022,"PE","PER",604,"AMR",34049588,151,117,201,52000,40000,69000,6.5,6.2,6.8,9.9,7.3,13,3400,2500,4400,15,12,19,5200,4100,6400,2.6,2,3.1,870,690,1100,18,14,22,6100,4800,7400,0.12,0.08,0.16,12,8,16,83,55,41,71,28339,83.5669989176601
